/*
Navicat MySQL Data Transfer

Source Server         : aaaa
Source Server Version : 50710
Source Host           : localhost:3306
Source Database       : newbee_mall_db

Target Server Type    : MYSQL
Target Server Version : 50710
File Encoding         : 65001

Date: 2020-04-02 23:14:17
*/

SET FOREIGN_KEY_CHECKS=0;

-- ----------------------------
-- Table structure for `comment`
-- ----------------------------
DROP TABLE IF EXISTS `comment`;
CREATE TABLE `comment` (
  `id` int(11) NOT NULL AUTO_INCREMENT,
  `parent_id` int(11) NOT NULL,
  `type` int(11) NOT NULL,
  `commentor` int(11) DEFAULT NULL,
  `createtime` bigint(20) DEFAULT NULL,
  `like_count` int(11) DEFAULT '0',
  `content` varchar(200) NOT NULL,
  `commentcount` int(11) DEFAULT '0',
  PRIMARY KEY (`id`)
) ENGINE=InnoDB AUTO_INCREMENT=6 DEFAULT CHARSET=utf8;

-- ----------------------------
-- Records of comment
-- ----------------------------
INSERT INTO `comment` VALUES ('1', '1', '1', '1', '1584461705700', '0', '222222', '0');
INSERT INTO `comment` VALUES ('2', '1', '1', '1', '1584586307117', '0', '1212', '0');
INSERT INTO `comment` VALUES ('3', '2', '1', '1', '1584587953478', '0', '222222', '1');
INSERT INTO `comment` VALUES ('4', '2', '1', '6', '1585759818076', '0', '1111', '0');
INSERT INTO `comment` VALUES ('5', '3', '2', '6', '1585760708196', '0', '777', '0');

-- ----------------------------
-- Table structure for `notification`
-- ----------------------------
DROP TABLE IF EXISTS `notification`;
CREATE TABLE `notification` (
  `id` int(11) NOT NULL AUTO_INCREMENT,
  `notifier` int(11) NOT NULL,
  `receiver` int(11) NOT NULL,
  `outerid` int(11) NOT NULL,
  `type` int(11) NOT NULL,
  `createtime` bigint(20) NOT NULL,
  `status` int(11) NOT NULL DEFAULT '0',
  PRIMARY KEY (`id`)
) ENGINE=InnoDB AUTO_INCREMENT=6 DEFAULT CHARSET=utf8;

-- ----------------------------
-- Records of notification
-- ----------------------------
INSERT INTO `notification` VALUES ('1', '1', '1', '1', '2', '1584461705836', '1');
INSERT INTO `notification` VALUES ('2', '1', '1', '1', '2', '1584586307184', '1');
INSERT INTO `notification` VALUES ('3', '1', '1', '2', '2', '1584587953548', '0');
INSERT INTO `notification` VALUES ('4', '6', '1', '2', '2', '1585759818193', '0');
INSERT INTO `notification` VALUES ('5', '6', '1', '3', '1', '1585760708343', '0');

-- ----------------------------
-- Table structure for `question`
-- ----------------------------
DROP TABLE IF EXISTS `question`;
CREATE TABLE `question` (
  `id` int(11) NOT NULL AUTO_INCREMENT,
  `title` varchar(50) NOT NULL,
  `description` text NOT NULL,
  `createid` int(11) NOT NULL,
  `comment_count` int(11) NOT NULL DEFAULT '0',
  `view_count` int(11) NOT NULL DEFAULT '0',
  `like_count` int(11) NOT NULL DEFAULT '0',
  `tag` varchar(250) NOT NULL,
  `createtime` bigint(20) NOT NULL,
  PRIMARY KEY (`id`)
) ENGINE=InnoDB AUTO_INCREMENT=3 DEFAULT CHARSET=utf8;

-- ----------------------------
-- Records of question
-- ----------------------------
INSERT INTO `question` VALUES ('1', '1111', '111111', '1', '2', '11', '0', '111,java', '1584461684687');
INSERT INTO `question` VALUES ('2', '121212', '232323', '1', '2', '16', '0', '2323', '1584586162500');

-- ----------------------------
-- Table structure for `tb_newbee_mall_admin_user`
-- ----------------------------
DROP TABLE IF EXISTS `tb_newbee_mall_admin_user`;
CREATE TABLE `tb_newbee_mall_admin_user` (
  `admin_user_id` int(11) NOT NULL AUTO_INCREMENT COMMENT '管理员id',
  `login_user_name` varchar(50) NOT NULL COMMENT '管理员登陆名称',
  `login_password` varchar(50) NOT NULL COMMENT '管理员登陆密码',
  `nick_name` varchar(50) NOT NULL COMMENT '管理员显示昵称',
  `locked` tinyint(4) DEFAULT '0' COMMENT '是否锁定 0未锁定 1已锁定无法登陆',
  PRIMARY KEY (`admin_user_id`) USING BTREE
) ENGINE=InnoDB AUTO_INCREMENT=4 DEFAULT CHARSET=utf8 ROW_FORMAT=DYNAMIC;

-- ----------------------------
-- Records of tb_newbee_mall_admin_user
-- ----------------------------
INSERT INTO `tb_newbee_mall_admin_user` VALUES ('1', 'admin', 'e10adc3949ba59abbe56e057f20f883e', '十三', '0');
INSERT INTO `tb_newbee_mall_admin_user` VALUES ('2', 'newbee-admin1', 'e10adc3949ba59abbe56e057f20f883e', '新蜂01', '0');
INSERT INTO `tb_newbee_mall_admin_user` VALUES ('3', 'newbee-admin2', 'e10adc3949ba59abbe56e057f20f883e', '新蜂02', '0');

-- ----------------------------
-- Table structure for `tb_newbee_mall_carousel`
-- ----------------------------
DROP TABLE IF EXISTS `tb_newbee_mall_carousel`;
CREATE TABLE `tb_newbee_mall_carousel` (
  `carousel_id` int(11) NOT NULL AUTO_INCREMENT COMMENT '首页轮播图主键id',
  `carousel_url` varchar(100) NOT NULL DEFAULT '' COMMENT '轮播图',
  `redirect_url` varchar(100) NOT NULL DEFAULT '''##''' COMMENT '点击后的跳转地址(默认不跳转)',
  `carousel_rank` int(11) NOT NULL DEFAULT '0' COMMENT '排序值(字段越大越靠前)',
  `is_deleted` tinyint(4) NOT NULL DEFAULT '0' COMMENT '删除标识字段(0-未删除 1-已删除)',
  `create_time` datetime NOT NULL DEFAULT CURRENT_TIMESTAMP COMMENT '创建时间',
  `create_user` int(11) NOT NULL DEFAULT '0' COMMENT '创建者id',
  `update_time` datetime NOT NULL DEFAULT CURRENT_TIMESTAMP COMMENT '修改时间',
  `update_user` int(11) NOT NULL DEFAULT '0' COMMENT '修改者id',
  PRIMARY KEY (`carousel_id`) USING BTREE
) ENGINE=InnoDB AUTO_INCREMENT=8 DEFAULT CHARSET=utf8 ROW_FORMAT=DYNAMIC;

-- ----------------------------
-- Records of tb_newbee_mall_carousel
-- ----------------------------
INSERT INTO `tb_newbee_mall_carousel` VALUES ('2', 'http://localhost:8080/upload/20200401_21300020.jpg', '', '1', '0', '2019-11-29 00:00:00', '0', '2020-04-01 21:30:03', '0');
INSERT INTO `tb_newbee_mall_carousel` VALUES ('5', 'http://localhost:8080/upload/20200401_21293691.jpg', '', '3', '0', '2019-11-29 00:00:00', '0', '2020-04-01 21:29:39', '0');
INSERT INTO `tb_newbee_mall_carousel` VALUES ('6', 'http://localhost:8080/upload/20200401_2129496.jpg', '##', '2', '0', '2020-03-29 20:47:58', '0', '2020-04-01 21:29:52', '0');
INSERT INTO `tb_newbee_mall_carousel` VALUES ('7', 'http://localhost:8080/upload/20200329_20480536.jpg', '##', '4', '1', '2020-03-29 20:48:06', '0', '2020-03-29 20:49:07', '0');

-- ----------------------------
-- Table structure for `tb_newbee_mall_goods_category`
-- ----------------------------
DROP TABLE IF EXISTS `tb_newbee_mall_goods_category`;
CREATE TABLE `tb_newbee_mall_goods_category` (
  `category_id` bigint(20) NOT NULL AUTO_INCREMENT COMMENT '分类id',
  `category_level` tinyint(4) NOT NULL DEFAULT '0' COMMENT '分类级别(1-一级分类 2-二级分类 3-三级分类)',
  `parent_id` bigint(20) NOT NULL DEFAULT '0' COMMENT '父分类id',
  `category_name` varchar(50) NOT NULL DEFAULT '' COMMENT '分类名称',
  `category_rank` int(11) NOT NULL DEFAULT '0' COMMENT '排序值(字段越大越靠前)',
  `is_deleted` tinyint(4) NOT NULL DEFAULT '0' COMMENT '删除标识字段(0-未删除 1-已删除)',
  `create_time` datetime NOT NULL DEFAULT CURRENT_TIMESTAMP COMMENT '创建时间',
  `create_user` int(11) NOT NULL DEFAULT '0' COMMENT '创建者id',
  `update_time` datetime NOT NULL DEFAULT CURRENT_TIMESTAMP COMMENT '修改时间',
  `update_user` int(11) DEFAULT '0' COMMENT '修改者id',
  PRIMARY KEY (`category_id`) USING BTREE
) ENGINE=InnoDB AUTO_INCREMENT=224 DEFAULT CHARSET=utf8 ROW_FORMAT=DYNAMIC;

-- ----------------------------
-- Records of tb_newbee_mall_goods_category
-- ----------------------------
INSERT INTO `tb_newbee_mall_goods_category` VALUES ('15', '1', '0', '狗狗', '100', '0', '2019-09-11 18:45:40', '0', '2020-03-25 22:10:50', '0');
INSERT INTO `tb_newbee_mall_goods_category` VALUES ('16', '1', '0', '猫猫', '99', '0', '2019-09-11 18:46:07', '0', '2020-03-25 22:11:01', '0');
INSERT INTO `tb_newbee_mall_goods_category` VALUES ('17', '2', '15', '狗狗干粮系列', '10', '0', '2019-09-11 18:46:32', '0', '2020-03-29 19:57:33', '0');
INSERT INTO `tb_newbee_mall_goods_category` VALUES ('18', '2', '15', '狗狗保健系列', '9', '0', '2019-09-11 18:46:43', '0', '2020-03-29 19:57:41', '0');
INSERT INTO `tb_newbee_mall_goods_category` VALUES ('19', '2', '15', '狗狗医疗系列', '8', '0', '2019-09-11 18:46:52', '0', '2020-03-29 19:57:48', '0');
INSERT INTO `tb_newbee_mall_goods_category` VALUES ('20', '3', '17', '狗狗进口粮', '0', '0', '2019-09-11 18:47:38', '0', '2020-03-29 20:09:06', '0');
INSERT INTO `tb_newbee_mall_goods_category` VALUES ('21', '3', '17', '狗狗国产粮', '0', '0', '2019-09-11 18:47:49', '0', '2020-03-29 20:09:13', '0');
INSERT INTO `tb_newbee_mall_goods_category` VALUES ('22', '3', '17', '狗狗处方粮', '0', '0', '2019-09-11 18:47:58', '0', '2020-03-29 20:09:20', '0');
INSERT INTO `tb_newbee_mall_goods_category` VALUES ('23', '3', '17', '狗狗冻干粮', '0', '0', '2019-09-11 18:48:06', '0', '2020-03-29 20:09:27', '0');
INSERT INTO `tb_newbee_mall_goods_category` VALUES ('32', '3', '18', '美毛护肤', '0', '0', '2019-09-11 18:49:50', '0', '2020-03-29 19:32:37', '0');
INSERT INTO `tb_newbee_mall_goods_category` VALUES ('33', '3', '18', '补钙健骨', '0', '0', '2019-09-11 18:49:55', '0', '2020-03-29 19:32:53', '0');
INSERT INTO `tb_newbee_mall_goods_category` VALUES ('34', '3', '18', '肠胃调理', '0', '0', '2019-09-11 18:50:08', '0', '2020-03-29 19:33:06', '0');
INSERT INTO `tb_newbee_mall_goods_category` VALUES ('35', '3', '18', '综合营养', '0', '0', '2019-09-11 18:50:24', '0', '2020-03-29 19:33:20', '0');
INSERT INTO `tb_newbee_mall_goods_category` VALUES ('44', '3', '19', '狗狗常备药品', '89', '0', '2019-09-11 18:53:49', '0', '2020-03-29 20:12:33', '0');
INSERT INTO `tb_newbee_mall_goods_category` VALUES ('45', '3', '19', '狗狗皮肤医疗', '99', '0', '2019-09-11 18:53:59', '0', '2020-03-29 20:12:11', '0');
INSERT INTO `tb_newbee_mall_goods_category` VALUES ('46', '3', '19', '狗狗综合护理', '98', '0', '2019-09-11 18:54:20', '0', '2020-03-29 20:12:18', '0');
INSERT INTO `tb_newbee_mall_goods_category` VALUES ('49', '3', '19', '狗狗内外驱虫', '97', '0', '2019-09-11 18:55:22', '0', '2020-03-29 20:12:26', '0');
INSERT INTO `tb_newbee_mall_goods_category` VALUES ('59', '1', '0', '水族', '97', '0', '2019-09-12 00:08:46', '0', '2020-03-25 22:11:28', '0');
INSERT INTO `tb_newbee_mall_goods_category` VALUES ('60', '1', '0', '品牌', '96', '0', '2019-09-12 00:09:00', '0', '2020-03-25 22:11:40', '0');
INSERT INTO `tb_newbee_mall_goods_category` VALUES ('61', '1', '0', '小宠', '98', '0', '2019-09-12 00:09:27', '0', '2020-03-25 22:11:16', '0');
INSERT INTO `tb_newbee_mall_goods_category` VALUES ('67', '2', '16', '猫猫干粮系列', '10', '0', '2019-09-12 00:15:19', '0', '2020-03-29 19:58:37', '0');
INSERT INTO `tb_newbee_mall_goods_category` VALUES ('68', '2', '16', '猫猫零食系列', '9', '0', '2019-09-12 00:15:28', '0', '2020-03-29 19:58:54', '0');
INSERT INTO `tb_newbee_mall_goods_category` VALUES ('69', '2', '16', '猫猫医疗系列', '8', '0', '2019-09-12 00:15:35', '0', '2020-03-29 19:59:09', '0');
INSERT INTO `tb_newbee_mall_goods_category` VALUES ('70', '2', '61', '兔子', '10', '0', '2019-09-12 00:20:22', '0', '2020-03-29 20:02:09', '0');
INSERT INTO `tb_newbee_mall_goods_category` VALUES ('71', '2', '61', '仓鼠', '9', '0', '2019-09-12 00:20:29', '0', '2020-03-29 20:02:16', '0');
INSERT INTO `tb_newbee_mall_goods_category` VALUES ('72', '2', '61', '龙猫', '8', '0', '2019-09-12 00:20:35', '0', '2020-03-29 20:02:26', '0');
INSERT INTO `tb_newbee_mall_goods_category` VALUES ('73', '2', '59', '水族箱', '10', '0', '2019-09-12 00:20:49', '0', '2020-03-29 20:29:58', '0');
INSERT INTO `tb_newbee_mall_goods_category` VALUES ('74', '2', '59', '鱼粮', '9', '0', '2019-09-12 00:20:58', '0', '2020-03-29 20:03:34', '0');
INSERT INTO `tb_newbee_mall_goods_category` VALUES ('75', '2', '59', '造景', '8', '0', '2019-09-12 00:21:05', '0', '2020-03-29 20:03:48', '0');
INSERT INTO `tb_newbee_mall_goods_category` VALUES ('76', '3', '67', '猫猫进口粮', '10', '0', '2019-09-12 00:21:55', '0', '2020-03-29 20:09:55', '0');
INSERT INTO `tb_newbee_mall_goods_category` VALUES ('77', '3', '70', '兔粮', '10', '0', '2019-09-12 00:22:21', '0', '2020-03-29 20:25:11', '0');
INSERT INTO `tb_newbee_mall_goods_category` VALUES ('78', '3', '73', '小型鱼缸', '10', '0', '2019-09-12 00:22:42', '0', '2020-03-29 20:30:13', '0');
INSERT INTO `tb_newbee_mall_goods_category` VALUES ('79', '2', '60', '雷米高', '10', '0', '2019-09-12 00:23:13', '0', '2020-03-29 20:05:07', '0');
INSERT INTO `tb_newbee_mall_goods_category` VALUES ('80', '2', '60', '康多乐', '9', '0', '2019-09-12 00:23:21', '0', '2020-04-01 22:21:03', '0');
INSERT INTO `tb_newbee_mall_goods_category` VALUES ('81', '2', '60', '巅峰', '8', '0', '2019-09-12 00:23:27', '0', '2020-03-29 20:05:25', '0');
INSERT INTO `tb_newbee_mall_goods_category` VALUES ('82', '3', '79', '雷米高商品', '10', '0', '2019-09-12 00:23:44', '0', '2020-04-01 22:08:28', '0');
INSERT INTO `tb_newbee_mall_goods_category` VALUES ('107', '2', '15', '狗狗生活用品', '0', '0', '2020-03-28 21:25:19', '0', '2020-03-29 19:57:56', '0');
INSERT INTO `tb_newbee_mall_goods_category` VALUES ('108', '2', '15', '狗狗美容', '0', '0', '2020-03-28 21:25:30', '0', '2020-03-28 21:25:30', '0');
INSERT INTO `tb_newbee_mall_goods_category` VALUES ('109', '2', '15', '狗狗玩具', '0', '0', '2020-03-28 21:25:41', '0', '2020-03-28 21:25:41', '0');
INSERT INTO `tb_newbee_mall_goods_category` VALUES ('110', '2', '15', '狗狗出行装备', '0', '0', '2020-03-28 21:25:52', '0', '2020-03-29 19:58:15', '0');
INSERT INTO `tb_newbee_mall_goods_category` VALUES ('111', '3', '107', '狗狗餐具', '0', '0', '2020-03-29 19:51:47', '0', '2020-03-29 19:51:47', '0');
INSERT INTO `tb_newbee_mall_goods_category` VALUES ('112', '3', '107', '狗狗住所', '0', '0', '2020-03-29 19:51:56', '0', '2020-03-29 19:51:56', '0');
INSERT INTO `tb_newbee_mall_goods_category` VALUES ('113', '3', '107', '排便清洁', '0', '0', '2020-03-29 19:52:13', '0', '2020-03-29 19:52:13', '0');
INSERT INTO `tb_newbee_mall_goods_category` VALUES ('114', '3', '107', '服装饰品', '0', '0', '2020-03-29 19:52:27', '0', '2020-03-29 19:52:27', '0');
INSERT INTO `tb_newbee_mall_goods_category` VALUES ('115', '3', '107', '训练用品', '0', '0', '2020-03-29 19:52:38', '0', '2020-03-29 19:52:38', '0');
INSERT INTO `tb_newbee_mall_goods_category` VALUES ('116', '3', '108', '洗护香液', '0', '0', '2020-03-29 19:53:28', '0', '2020-03-29 19:53:28', '0');
INSERT INTO `tb_newbee_mall_goods_category` VALUES ('117', '3', '108', '梳剪工具', '0', '0', '2020-03-29 19:53:48', '0', '2020-03-29 19:53:48', '0');
INSERT INTO `tb_newbee_mall_goods_category` VALUES ('118', '3', '108', '洗澡用品', '0', '0', '2020-03-29 19:53:58', '0', '2020-03-29 19:53:58', '0');
INSERT INTO `tb_newbee_mall_goods_category` VALUES ('119', '3', '109', '互动玩具', '0', '0', '2020-03-29 19:54:24', '0', '2020-03-29 19:54:24', '0');
INSERT INTO `tb_newbee_mall_goods_category` VALUES ('120', '3', '109', '磨牙玩具', '0', '0', '2020-03-29 19:54:33', '0', '2020-03-29 19:54:33', '0');
INSERT INTO `tb_newbee_mall_goods_category` VALUES ('121', '3', '109', '益智玩具', '0', '0', '2020-03-29 19:54:46', '0', '2020-03-29 19:54:46', '0');
INSERT INTO `tb_newbee_mall_goods_category` VALUES ('122', '3', '109', '训练玩具', '0', '0', '2020-03-29 19:54:58', '0', '2020-03-29 19:54:58', '0');
INSERT INTO `tb_newbee_mall_goods_category` VALUES ('123', '3', '109', '漏食玩具', '0', '0', '2020-03-29 19:55:25', '0', '2020-03-29 19:55:25', '0');
INSERT INTO `tb_newbee_mall_goods_category` VALUES ('124', '3', '109', '毛绒玩具', '0', '0', '2020-03-29 19:55:35', '0', '2020-03-29 19:55:35', '0');
INSERT INTO `tb_newbee_mall_goods_category` VALUES ('125', '3', '110', '航空箱包', '0', '0', '2020-03-29 19:55:52', '0', '2020-03-29 19:55:52', '0');
INSERT INTO `tb_newbee_mall_goods_category` VALUES ('126', '3', '110', '牵引系列', '0', '0', '2020-03-29 19:56:02', '0', '2020-03-29 19:56:02', '0');
INSERT INTO `tb_newbee_mall_goods_category` VALUES ('127', '3', '110', '胸背带', '0', '0', '2020-03-29 19:56:15', '0', '2020-03-29 19:56:15', '0');
INSERT INTO `tb_newbee_mall_goods_category` VALUES ('128', '3', '110', '项圈狗牌', '0', '0', '2020-03-29 19:56:25', '0', '2020-03-29 19:56:25', '0');
INSERT INTO `tb_newbee_mall_goods_category` VALUES ('129', '3', '110', '外出辅助', '0', '0', '2020-03-29 19:56:34', '0', '2020-03-29 19:56:34', '0');
INSERT INTO `tb_newbee_mall_goods_category` VALUES ('130', '2', '16', '猫猫保健系列', '0', '0', '2020-03-29 19:59:20', '0', '2020-03-29 19:59:20', '0');
INSERT INTO `tb_newbee_mall_goods_category` VALUES ('131', '2', '16', '猫猫生活用品', '0', '0', '2020-03-29 19:59:31', '0', '2020-03-29 19:59:31', '0');
INSERT INTO `tb_newbee_mall_goods_category` VALUES ('132', '2', '16', '猫咪玩具', '0', '0', '2020-03-29 19:59:43', '0', '2020-03-29 19:59:43', '0');
INSERT INTO `tb_newbee_mall_goods_category` VALUES ('133', '2', '16', '猫咪美容', '0', '0', '2020-03-29 19:59:50', '0', '2020-03-29 19:59:50', '0');
INSERT INTO `tb_newbee_mall_goods_category` VALUES ('134', '2', '16', '猫砂猫厕', '0', '0', '2020-03-29 20:00:06', '0', '2020-03-29 20:00:06', '0');
INSERT INTO `tb_newbee_mall_goods_category` VALUES ('135', '2', '61', '天竺鼠', '0', '0', '2020-03-29 20:02:40', '0', '2020-03-29 20:02:40', '0');
INSERT INTO `tb_newbee_mall_goods_category` VALUES ('136', '2', '61', '乌龟', '0', '0', '2020-03-29 20:02:47', '0', '2020-03-29 20:02:47', '0');
INSERT INTO `tb_newbee_mall_goods_category` VALUES ('137', '2', '61', '蜥蜴', '0', '0', '2020-03-29 20:02:56', '0', '2020-03-29 20:02:56', '0');
INSERT INTO `tb_newbee_mall_goods_category` VALUES ('138', '2', '59', '器材', '0', '0', '2020-03-29 20:03:55', '0', '2020-03-29 20:03:55', '0');
INSERT INTO `tb_newbee_mall_goods_category` VALUES ('139', '2', '59', '药水', '0', '0', '2020-03-29 20:04:04', '0', '2020-03-29 20:04:04', '0');
INSERT INTO `tb_newbee_mall_goods_category` VALUES ('140', '2', '60', '活力枫叶', '0', '0', '2020-03-29 20:05:33', '0', '2020-03-29 20:05:33', '0');
INSERT INTO `tb_newbee_mall_goods_category` VALUES ('141', '2', '60', '好之味', '0', '0', '2020-03-29 20:05:42', '0', '2020-03-29 20:05:42', '0');
INSERT INTO `tb_newbee_mall_goods_category` VALUES ('142', '2', '60', '卡比', '0', '0', '2020-03-29 20:05:50', '0', '2020-03-29 20:05:50', '0');
INSERT INTO `tb_newbee_mall_goods_category` VALUES ('143', '2', '60', '渴望', '0', '0', '2020-03-29 20:05:57', '0', '2020-03-29 20:05:57', '0');
INSERT INTO `tb_newbee_mall_goods_category` VALUES ('144', '2', '60', '美士', '0', '0', '2020-03-29 20:06:15', '0', '2020-03-29 20:06:15', '0');
INSERT INTO `tb_newbee_mall_goods_category` VALUES ('145', '2', '60', '纽翠斯', '0', '0', '2020-03-29 20:06:25', '0', '2020-03-29 20:06:25', '0');
INSERT INTO `tb_newbee_mall_goods_category` VALUES ('146', '2', '60', 'now', '0', '0', '2020-03-29 20:06:32', '0', '2020-03-29 20:06:32', '0');
INSERT INTO `tb_newbee_mall_goods_category` VALUES ('147', '2', '60', '麻利', '0', '0', '2020-03-29 20:06:43', '0', '2020-03-29 20:06:43', '0');
INSERT INTO `tb_newbee_mall_goods_category` VALUES ('148', '2', '60', 'go', '0', '0', '2020-03-29 20:06:50', '0', '2020-03-29 20:06:50', '0');
INSERT INTO `tb_newbee_mall_goods_category` VALUES ('149', '2', '60', '天衡宝', '0', '0', '2020-03-29 20:07:00', '0', '2020-03-29 20:07:00', '0');
INSERT INTO `tb_newbee_mall_goods_category` VALUES ('150', '3', '67', '猫猫国产粮', '0', '0', '2020-03-29 20:10:05', '0', '2020-03-29 20:10:05', '0');
INSERT INTO `tb_newbee_mall_goods_category` VALUES ('151', '3', '67', '猫猫处方粮', '0', '0', '2020-03-29 20:10:19', '0', '2020-03-29 20:10:19', '0');
INSERT INTO `tb_newbee_mall_goods_category` VALUES ('152', '3', '67', '猫猫冻干粮', '0', '0', '2020-03-29 20:10:30', '0', '2020-03-29 20:10:30', '0');
INSERT INTO `tb_newbee_mall_goods_category` VALUES ('153', '3', '68', '罐头湿粮', '0', '0', '2020-03-29 20:10:59', '0', '2020-03-29 20:10:59', '0');
INSERT INTO `tb_newbee_mall_goods_category` VALUES ('154', '3', '68', '肉类零食', '0', '0', '2020-03-29 20:11:08', '0', '2020-03-29 20:11:08', '0');
INSERT INTO `tb_newbee_mall_goods_category` VALUES ('155', '3', '68', '猫草薄荷', '0', '0', '2020-03-29 20:11:23', '0', '2020-03-29 20:11:23', '0');
INSERT INTO `tb_newbee_mall_goods_category` VALUES ('156', '3', '68', '休闲零食', '0', '0', '2020-03-29 20:11:33', '0', '2020-03-29 20:11:33', '0');
INSERT INTO `tb_newbee_mall_goods_category` VALUES ('157', '3', '69', '猫猫皮肤医疗', '0', '0', '2020-03-29 20:13:08', '0', '2020-03-29 20:13:08', '0');
INSERT INTO `tb_newbee_mall_goods_category` VALUES ('158', '3', '69', '猫猫综合护理', '0', '0', '2020-03-29 20:13:18', '0', '2020-03-29 20:13:18', '0');
INSERT INTO `tb_newbee_mall_goods_category` VALUES ('159', '3', '69', '猫猫内外驱虫', '0', '0', '2020-03-29 20:13:28', '0', '2020-03-29 20:13:28', '0');
INSERT INTO `tb_newbee_mall_goods_category` VALUES ('160', '3', '69', '猫猫常备药品', '0', '0', '2020-03-29 20:13:39', '0', '2020-03-29 20:13:39', '0');
INSERT INTO `tb_newbee_mall_goods_category` VALUES ('161', '3', '130', '猫猫美毛化毛', '0', '0', '2020-03-29 20:14:28', '0', '2020-03-29 20:15:06', '0');
INSERT INTO `tb_newbee_mall_goods_category` VALUES ('162', '3', '130', '猫猫补钙健骨', '0', '0', '2020-03-29 20:15:23', '0', '2020-03-29 20:15:23', '0');
INSERT INTO `tb_newbee_mall_goods_category` VALUES ('163', '3', '130', '猫猫肠胃调理', '0', '0', '2020-03-29 20:15:35', '0', '2020-03-29 20:15:35', '0');
INSERT INTO `tb_newbee_mall_goods_category` VALUES ('164', '3', '130', '猫猫综合营养', '0', '0', '2020-03-29 20:15:45', '0', '2020-03-29 20:15:45', '0');
INSERT INTO `tb_newbee_mall_goods_category` VALUES ('165', '3', '131', '猫猫出行用品', '0', '0', '2020-03-29 20:16:20', '0', '2020-03-29 20:16:20', '0');
INSERT INTO `tb_newbee_mall_goods_category` VALUES ('166', '3', '131', '猫咪餐具', '0', '0', '2020-03-29 20:16:30', '0', '2020-03-29 20:16:30', '0');
INSERT INTO `tb_newbee_mall_goods_category` VALUES ('167', '3', '131', '猫咪住所', '0', '0', '2020-03-29 20:16:41', '0', '2020-03-29 20:16:41', '0');
INSERT INTO `tb_newbee_mall_goods_category` VALUES ('168', '3', '131', '猫咪训练用品', '0', '0', '2020-03-29 20:17:48', '0', '2020-03-29 20:17:48', '0');
INSERT INTO `tb_newbee_mall_goods_category` VALUES ('169', '3', '131', '猫咪服装饰品', '0', '0', '2020-03-29 20:18:01', '0', '2020-03-29 20:18:01', '0');
INSERT INTO `tb_newbee_mall_goods_category` VALUES ('170', '3', '132', '猫爬架', '0', '0', '2020-03-29 20:20:03', '0', '2020-03-29 20:20:03', '0');
INSERT INTO `tb_newbee_mall_goods_category` VALUES ('171', '3', '132', '猫抓板', '0', '0', '2020-03-29 20:20:11', '0', '2020-03-29 20:20:11', '0');
INSERT INTO `tb_newbee_mall_goods_category` VALUES ('172', '3', '132', '猫咪玩具', '0', '0', '2020-03-29 20:20:21', '0', '2020-03-29 20:20:21', '0');
INSERT INTO `tb_newbee_mall_goods_category` VALUES ('173', '3', '133', '猫咪洗护香液', '0', '0', '2020-03-29 20:20:49', '0', '2020-03-29 20:20:49', '0');
INSERT INTO `tb_newbee_mall_goods_category` VALUES ('174', '3', '133', '猫咪梳剪工具', '0', '0', '2020-03-29 20:21:05', '0', '2020-03-29 20:21:05', '0');
INSERT INTO `tb_newbee_mall_goods_category` VALUES ('175', '3', '133', '猫咪洗澡用品', '0', '0', '2020-03-29 20:21:29', '0', '2020-03-29 20:21:29', '0');
INSERT INTO `tb_newbee_mall_goods_category` VALUES ('176', '3', '134', '膨润土猫砂', '0', '0', '2020-03-29 20:21:54', '0', '2020-03-29 20:21:54', '0');
INSERT INTO `tb_newbee_mall_goods_category` VALUES ('177', '3', '134', '水晶猫砂', '0', '0', '2020-03-29 20:22:04', '0', '2020-03-29 20:22:04', '0');
INSERT INTO `tb_newbee_mall_goods_category` VALUES ('178', '3', '134', '松土猫砂', '0', '0', '2020-03-29 20:22:17', '0', '2020-03-29 20:22:17', '0');
INSERT INTO `tb_newbee_mall_goods_category` VALUES ('179', '3', '134', '纸砂豆腐砂', '0', '0', '2020-03-29 20:23:19', '0', '2020-03-29 20:23:19', '0');
INSERT INTO `tb_newbee_mall_goods_category` VALUES ('180', '3', '134', '矿物猫砂', '0', '0', '2020-03-29 20:23:29', '0', '2020-03-29 20:23:29', '0');
INSERT INTO `tb_newbee_mall_goods_category` VALUES ('181', '3', '134', '猫砂除臭', '0', '0', '2020-03-29 20:23:42', '0', '2020-03-29 20:23:42', '0');
INSERT INTO `tb_newbee_mall_goods_category` VALUES ('182', '3', '134', '猫咪厕所', '0', '0', '2020-03-29 20:23:53', '0', '2020-03-29 20:23:53', '0');
INSERT INTO `tb_newbee_mall_goods_category` VALUES ('183', '3', '134', '猫咪排便清洁', '0', '0', '2020-03-29 20:24:06', '0', '2020-03-29 20:24:06', '0');
INSERT INTO `tb_newbee_mall_goods_category` VALUES ('184', '3', '70', '兔兔用具', '0', '0', '2020-03-29 20:25:20', '0', '2020-03-29 20:25:20', '0');
INSERT INTO `tb_newbee_mall_goods_category` VALUES ('185', '3', '70', '兔兔宠窝', '0', '0', '2020-03-29 20:25:38', '0', '2020-03-29 20:25:38', '0');
INSERT INTO `tb_newbee_mall_goods_category` VALUES ('186', '3', '71', '仓鼠粮', '0', '0', '2020-03-29 20:26:05', '0', '2020-03-29 20:26:05', '0');
INSERT INTO `tb_newbee_mall_goods_category` VALUES ('187', '3', '71', '仓鼠宠窝', '0', '0', '2020-03-29 20:26:57', '0', '2020-03-29 20:26:57', '0');
INSERT INTO `tb_newbee_mall_goods_category` VALUES ('188', '3', '71', '仓鼠器具', '0', '0', '2020-03-29 20:27:05', '0', '2020-03-29 20:27:05', '0');
INSERT INTO `tb_newbee_mall_goods_category` VALUES ('189', '3', '71', '仓鼠玩具', '0', '0', '2020-03-29 20:27:18', '0', '2020-03-29 20:27:18', '0');
INSERT INTO `tb_newbee_mall_goods_category` VALUES ('190', '3', '71', '磨牙工具', '0', '0', '2020-03-29 20:27:32', '0', '2020-03-29 20:27:32', '0');
INSERT INTO `tb_newbee_mall_goods_category` VALUES ('191', '3', '71', '仓鼠清洁', '0', '0', '2020-03-29 20:27:40', '0', '2020-03-29 20:27:40', '0');
INSERT INTO `tb_newbee_mall_goods_category` VALUES ('192', '3', '72', '龙猫粮', '0', '0', '2020-03-29 20:27:58', '0', '2020-03-29 20:27:58', '0');
INSERT INTO `tb_newbee_mall_goods_category` VALUES ('193', '3', '72', '龙猫宠窝', '0', '0', '2020-03-29 20:28:09', '0', '2020-03-29 20:28:09', '0');
INSERT INTO `tb_newbee_mall_goods_category` VALUES ('194', '3', '72', '龙猫用具', '0', '0', '2020-03-29 20:28:18', '0', '2020-03-29 20:28:18', '0');
INSERT INTO `tb_newbee_mall_goods_category` VALUES ('195', '3', '135', '天竺鼠粮', '0', '0', '2020-03-29 20:28:38', '0', '2020-03-29 20:28:38', '0');
INSERT INTO `tb_newbee_mall_goods_category` VALUES ('196', '3', '136', '龟箱', '0', '0', '2020-03-29 20:28:59', '0', '2020-03-29 20:28:59', '0');
INSERT INTO `tb_newbee_mall_goods_category` VALUES ('197', '3', '136', '乌龟医疗', '0', '0', '2020-03-29 20:29:08', '0', '2020-03-29 20:29:08', '0');
INSERT INTO `tb_newbee_mall_goods_category` VALUES ('198', '3', '137', '器材', '0', '0', '2020-03-29 20:29:25', '0', '2020-03-29 20:29:25', '0');
INSERT INTO `tb_newbee_mall_goods_category` VALUES ('199', '3', '73', '中型鱼缸', '0', '0', '2020-03-29 20:30:25', '0', '2020-03-29 20:30:25', '0');
INSERT INTO `tb_newbee_mall_goods_category` VALUES ('200', '3', '74', '优质鱼粮', '0', '0', '2020-03-29 20:30:55', '0', '2020-03-29 20:30:55', '0');
INSERT INTO `tb_newbee_mall_goods_category` VALUES ('201', '3', '75', '造景装饰', '0', '0', '2020-03-29 20:31:33', '0', '2020-03-29 20:31:33', '0');
INSERT INTO `tb_newbee_mall_goods_category` VALUES ('202', '3', '138', '过滤器', '0', '0', '2020-03-29 20:31:47', '0', '2020-03-29 20:31:47', '0');
INSERT INTO `tb_newbee_mall_goods_category` VALUES ('203', '3', '138', '滤材', '0', '0', '2020-03-29 20:31:55', '0', '2020-03-29 20:31:55', '0');
INSERT INTO `tb_newbee_mall_goods_category` VALUES ('204', '3', '138', '增氧泵', '0', '0', '2020-03-29 20:32:06', '0', '2020-03-29 20:32:06', '0');
INSERT INTO `tb_newbee_mall_goods_category` VALUES ('205', '3', '138', '潜水泵', '0', '0', '2020-03-29 20:32:17', '0', '2020-03-29 20:32:17', '0');
INSERT INTO `tb_newbee_mall_goods_category` VALUES ('206', '3', '138', '温控设备', '0', '0', '2020-03-29 20:32:27', '0', '2020-03-29 20:32:27', '0');
INSERT INTO `tb_newbee_mall_goods_category` VALUES ('207', '3', '138', '照明设备', '0', '0', '2020-03-29 20:32:38', '0', '2020-03-29 20:32:38', '0');
INSERT INTO `tb_newbee_mall_goods_category` VALUES ('208', '3', '138', '清洁用具', '0', '0', '2020-03-29 20:32:47', '0', '2020-03-29 20:32:47', '0');
INSERT INTO `tb_newbee_mall_goods_category` VALUES ('209', '3', '139', '硝化细菌', '0', '0', '2020-03-29 20:33:18', '0', '2020-03-29 20:33:18', '0');
INSERT INTO `tb_newbee_mall_goods_category` VALUES ('210', '3', '139', '水质调理', '0', '0', '2020-03-29 20:33:27', '0', '2020-03-29 20:33:27', '0');
INSERT INTO `tb_newbee_mall_goods_category` VALUES ('211', '3', '139', '抑菌杀菌', '0', '0', '2020-03-29 20:33:36', '0', '2020-03-29 20:33:36', '0');
INSERT INTO `tb_newbee_mall_goods_category` VALUES ('212', '3', '80', '康多乐商品', '0', '0', '2020-03-29 20:34:29', '0', '2020-04-01 22:21:49', '0');
INSERT INTO `tb_newbee_mall_goods_category` VALUES ('213', '3', '81', '巅峰商品', '0', '0', '2020-03-29 20:34:39', '0', '2020-03-29 20:34:39', '0');
INSERT INTO `tb_newbee_mall_goods_category` VALUES ('214', '3', '140', '活力枫叶商品', '0', '0', '2020-03-29 20:34:51', '0', '2020-03-29 20:34:51', '0');
INSERT INTO `tb_newbee_mall_goods_category` VALUES ('215', '3', '141', '好之味商品', '0', '0', '2020-03-29 20:35:01', '0', '2020-03-29 20:35:01', '0');
INSERT INTO `tb_newbee_mall_goods_category` VALUES ('216', '3', '142', '卡比商品', '0', '0', '2020-03-29 20:35:13', '0', '2020-03-29 20:35:13', '0');
INSERT INTO `tb_newbee_mall_goods_category` VALUES ('217', '3', '143', '渴望商品', '0', '0', '2020-03-29 20:35:24', '0', '2020-03-29 20:35:24', '0');
INSERT INTO `tb_newbee_mall_goods_category` VALUES ('218', '3', '144', '美士商品', '0', '0', '2020-03-29 20:35:46', '0', '2020-03-29 20:35:46', '0');
INSERT INTO `tb_newbee_mall_goods_category` VALUES ('219', '3', '145', '纽翠斯商品', '0', '0', '2020-03-29 20:35:58', '0', '2020-03-29 20:35:58', '0');
INSERT INTO `tb_newbee_mall_goods_category` VALUES ('220', '3', '146', 'now商品', '0', '0', '2020-03-29 20:36:10', '0', '2020-03-29 20:36:10', '0');
INSERT INTO `tb_newbee_mall_goods_category` VALUES ('221', '3', '147', '麻利商品', '0', '0', '2020-03-29 20:36:26', '0', '2020-03-29 20:36:26', '0');
INSERT INTO `tb_newbee_mall_goods_category` VALUES ('222', '3', '148', 'go商品', '0', '0', '2020-03-29 20:36:46', '0', '2020-03-29 20:36:46', '0');
INSERT INTO `tb_newbee_mall_goods_category` VALUES ('223', '3', '149', '天衡宝商品', '0', '0', '2020-03-29 20:37:06', '0', '2020-03-29 20:37:06', '0');

-- ----------------------------
-- Table structure for `tb_newbee_mall_goods_info`
-- ----------------------------
DROP TABLE IF EXISTS `tb_newbee_mall_goods_info`;
CREATE TABLE `tb_newbee_mall_goods_info` (
  `goods_id` bigint(20) unsigned NOT NULL AUTO_INCREMENT COMMENT '商品表主键id',
  `goods_name` varchar(200) NOT NULL DEFAULT '' COMMENT '商品名',
  `goods_intro` varchar(200) NOT NULL DEFAULT '' COMMENT '商品简介',
  `goods_category_id` bigint(20) NOT NULL DEFAULT '0' COMMENT '关联分类id',
  `goods_cover_img` varchar(200) NOT NULL DEFAULT '/admin/dist/img/no-img.png' COMMENT '商品主图',
  `goods_carousel` varchar(500) NOT NULL DEFAULT '/admin/dist/img/no-img.png' COMMENT '商品轮播图',
  `goods_detail_content` text NOT NULL COMMENT '商品详情',
  `original_price` int(11) NOT NULL DEFAULT '1' COMMENT '商品价格',
  `selling_price` int(11) NOT NULL DEFAULT '1' COMMENT '商品实际售价',
  `stock_num` int(11) NOT NULL DEFAULT '0' COMMENT '商品库存数量',
  `tag` varchar(20) DEFAULT '' COMMENT '商品标签',
  `goods_sell_status` tinyint(4) NOT NULL DEFAULT '0' COMMENT '商品上架状态 0-下架 1-上架',
  `create_user` int(11) NOT NULL DEFAULT '0' COMMENT '添加者主键id',
  `create_time` datetime NOT NULL DEFAULT CURRENT_TIMESTAMP COMMENT '商品添加时间',
  `update_user` int(11) DEFAULT '0' COMMENT '修改者主键id',
  `update_time` datetime NOT NULL DEFAULT CURRENT_TIMESTAMP COMMENT '商品修改时间',
  `imited_time` datetime DEFAULT NULL,
  PRIMARY KEY (`goods_id`) USING BTREE
) ENGINE=InnoDB AUTO_INCREMENT=10896 DEFAULT CHARSET=utf8 ROW_FORMAT=DYNAMIC;

-- ----------------------------
-- Records of tb_newbee_mall_goods_info
-- ----------------------------
INSERT INTO `tb_newbee_mall_goods_info` VALUES ('692', '酷极Kyjen 新无敌眼镜蛇耐咬发声狗狗玩具', '优质商品', '124', '/goods-img/shoppicpath21524814790_y.jpg', '/goods-img/shoppicpath21524814790_y.jpg', '商品介绍加载中...', '69', '69', '1000', null, '0', '0', '2020-04-01 21:24:44', null, '2020-04-01 21:24:44', null);
INSERT INTO `tb_newbee_mall_goods_info` VALUES ('693', '伊丽Elite 狗狗圣诞玩具套装', '优质商品', '124', '/goods-img/shoppicpath21543393613_y.jpg', '/goods-img/shoppicpath21543393613_y.jpg', '商品介绍加载中...', '79', '79', '1000', null, '0', '0', '2020-04-01 21:24:48', null, '2020-04-01 21:24:48', null);
INSERT INTO `tb_newbee_mall_goods_info` VALUES ('694', '酷极Kyjen 发声毛绒玩具下蛋小黄鸭 狗玩具', '优质商品', '124', '/goods-img/shoppicpath11561449403_y.jpg', '/goods-img/shoppicpath11561449403_y.jpg', '商品介绍加载中...', '55', '55', '1000', null, '0', '0', '2020-04-01 21:24:49', null, '2020-04-01 21:24:49', null);
INSERT INTO `tb_newbee_mall_goods_info` VALUES ('695', 'Petstages  鲨鱼发声高档毛绒 狗狗玩具', '优质商品', '124', '/goods-img/shoppicpath11540896435_y.jpg', '/goods-img/shoppicpath11540896435_y.jpg', '商品介绍加载中...', '100', '100', '1000', null, '0', '0', '2020-04-01 21:25:20', null, '2020-04-01 21:25:20', null);
INSERT INTO `tb_newbee_mall_goods_info` VALUES ('696', 'Petstages 狗狗造型暖暖包 狗狗玩具', '优质商品', '124', '/goods-img/shoppicpath51426130363_y.jpg', '/goods-img/shoppicpath51426130363_y.jpg', '商品介绍加载中...', '80', '80', '1000', null, '0', '0', '2020-04-01 21:25:21', null, '2020-04-01 21:25:21', null);
INSERT INTO `tb_newbee_mall_goods_info` VALUES ('697', '宜特 布绒发声狗狗玩具', '优质商品', '124', '/goods-img/shoppicpath11582085799_y.jpg', '/goods-img/shoppicpath11582085799_y.jpg', '商品介绍加载中...', '35', '35', '1000', null, '0', '0', '2020-04-01 21:25:33', null, '2020-04-01 21:25:33', null);
INSERT INTO `tb_newbee_mall_goods_info` VALUES ('698', 'kojima 响声玩具系列之水果糖K297 狗玩具', '优质商品', '124', '/goods-img/shoppicpath11561447147_y.jpg', '/goods-img/shoppicpath11561447147_y.jpg', '商品介绍加载中...', '12', '12', '1000', null, '0', '0', '2020-04-01 21:25:34', null, '2020-04-01 21:25:34', null);
INSERT INTO `tb_newbee_mall_goods_info` VALUES ('699', '捣蛋鬼 美观耐磨便携式宠物航空托运箱外带宠物笼 适合小型猫犬', '优质商品', '125', '/goods-img/shoppicpath11540658436_y.jpg', '/goods-img/shoppicpath11540658436_y.jpg', '商品介绍加载中...', '68', '68', '1000', null, '0', '0', '2020-04-01 21:25:34', null, '2020-04-01 21:25:34', null);
INSERT INTO `tb_newbee_mall_goods_info` VALUES ('700', '捣蛋鬼 便携式宠物手提箱 适合小型猫犬', '优质商品', '125', '/goods-img/shoppicpath11540658378_y.jpg', '/goods-img/shoppicpath11540658378_y.jpg', '商品介绍加载中...', '100', '100', '1000', null, '0', '0', '2020-04-01 21:25:34', null, '2020-04-01 21:25:34', null);
INSERT INTO `tb_newbee_mall_goods_info` VALUES ('701', '爱丽思IRIS 小型猫犬宠物托运航空箱ATC-460', '优质商品', '125', '/goods-img/shoppicpath11540275769_y.jpg', '/goods-img/shoppicpath11540275769_y.jpg', '商品介绍加载中...', '168', '168', '1000', null, '0', '0', '2020-04-01 21:25:34', null, '2020-04-01 21:25:34', null);
INSERT INTO `tb_newbee_mall_goods_info` VALUES ('702', '爱丽思IRIS 中小型猫犬宠物托运航空箱ATC-530', '优质商品', '125', '/goods-img/shoppicpath31409724872_y.jpg', '/goods-img/shoppicpath31409724872_y.jpg', '商品介绍加载中...', '248', '248', '1000', null, '0', '0', '2020-04-01 21:25:34', null, '2020-04-01 21:25:34', null);
INSERT INTO `tb_newbee_mall_goods_info` VALUES ('703', '捣蛋鬼 提拉式便携宠物航空托运箱外带宠物笼 适合中小型猫犬', '优质商品', '125', '/goods-img/picpath11375948432_y.jpg', '/goods-img/picpath11375948432_y.jpg', '商品介绍加载中...', '150', '150', '1000', null, '0', '0', '2020-04-01 21:25:34', null, '2020-04-01 21:25:34', null);
INSERT INTO `tb_newbee_mall_goods_info` VALUES ('704', '爱丽思IRIS 小型猫犬外出便携网状手提宠物笼BL-460', '优质商品', '125', '/goods-img/shoppicpath51409642285_y.jpg', '/goods-img/shoppicpath51409642285_y.jpg', '商品介绍加载中...', '148', '148', '1000', null, '0', '0', '2020-04-01 21:25:34', null, '2020-04-01 21:25:34', null);
INSERT INTO `tb_newbee_mall_goods_info` VALUES ('705', '爱丽思IRIS 大空间可折叠式宠物笼', '优质商品', '125', '/goods-img/shoppicpath11540658466_y.jpg', '/goods-img/shoppicpath11540658466_y.jpg', '商品介绍加载中...', '288', '288', '1000', null, '0', '0', '2020-04-01 21:25:34', null, '2020-04-01 21:25:34', null);
INSERT INTO `tb_newbee_mall_goods_info` VALUES ('706', '宠觅petseek 双肩宠物包外出便携包 犬猫通用', '优质商品', '125', '/goods-img/shoppicpath31584448534_y.jpg', '/goods-img/shoppicpath31584448534_y.jpg', '商品介绍加载中...', '168', '168', '1000', null, '0', '0', '2020-04-01 21:25:34', null, '2020-04-01 21:25:34', null);
INSERT INTO `tb_newbee_mall_goods_info` VALUES ('707', '爱丽思IRIS 外出便携宠物旅行箱航空箱PHC480 猫狗通用', '优质商品', '125', '/goods-img/shoppicpath11561371274_y.jpg', '/goods-img/shoppicpath11561371274_y.jpg', '商品介绍加载中...', '178', '178', '1000', null, '0', '0', '2020-04-01 21:25:34', null, '2020-04-01 21:25:34', null);
INSERT INTO `tb_newbee_mall_goods_info` VALUES ('708', '爱丽思IRIS 外出便携宠物旅行箱航空箱PHC450 猫狗通用', '优质商品', '125', '/goods-img/shoppicpath11540658499_y.jpg', '/goods-img/shoppicpath11540658499_y.jpg', '商品介绍加载中...', '150', '150', '1000', null, '0', '0', '2020-04-01 21:25:34', null, '2020-04-01 21:25:34', null);
INSERT INTO `tb_newbee_mall_goods_info` VALUES ('709', '爱宝嘉 豪华仿皮透气外出便携宠物包 猫狗通用', '优质商品', '125', '/goods-img/shoppicpath11540456927_y.jpg', '/goods-img/shoppicpath11540456927_y.jpg', '商品介绍加载中...', '128', '128', '1000', null, '0', '0', '2020-04-01 21:25:34', null, '2020-04-01 21:25:34', null);
INSERT INTO `tb_newbee_mall_goods_info` VALUES ('710', '它它Touchdog 宠物猫狗外出便携背包旅行箱', '优质商品', '125', '/goods-img/shoppicpath11482807641_y.jpg', '/goods-img/shoppicpath11482807641_y.jpg', '商品介绍加载中...', '234', '234', '1000', null, '0', '0', '2020-04-01 21:25:34', null, '2020-04-01 21:25:34', null);
INSERT INTO `tb_newbee_mall_goods_info` VALUES ('711', 'Dogismile 时尚户外游宠物背包 网红爆款 5KG以下犬猫适用', '优质商品', '125', '/goods-img/shoppicpath11540734974_y.jpg', '/goods-img/shoppicpath11540734974_y.jpg', '商品介绍加载中...', '340', '340', '1000', null, '0', '0', '2020-04-01 21:25:34', null, '2020-04-01 21:25:34', null);
INSERT INTO `tb_newbee_mall_goods_info` VALUES ('712', 'Dogismile 时尚香蕉系列宠物背包（粉红）5KG以下犬猫适用', '优质商品', '125', '/goods-img/shoppicpath11490343166_y.jpg', '/goods-img/shoppicpath11490343166_y.jpg', '商品介绍加载中...', '340', '340', '1000', null, '0', '0', '2020-04-01 21:25:34', null, '2020-04-01 21:25:34', null);
INSERT INTO `tb_newbee_mall_goods_info` VALUES ('713', '日本爱蓓诗 外出便携旅行宠物包  猫狗通用', '优质商品', '125', '/goods-img/shoppicpath11540541285_y.jpg', '/goods-img/shoppicpath11540541285_y.jpg', '商品介绍加载中...', '292', '292', '1000', null, '0', '0', '2020-04-01 21:25:34', null, '2020-04-01 21:25:34', null);
INSERT INTO `tb_newbee_mall_goods_info` VALUES ('714', 'MANDARINE BROTHERS 超酷日系旅行双肩宠物背包', '优质商品', '125', '/goods-img/shoppicpath31526032092_y.jpg', '/goods-img/shoppicpath31526032092_y.jpg', '商品介绍加载中...', '688', '688', '1000', null, '0', '0', '2020-04-01 21:25:35', null, '2020-04-01 21:25:35', null);
INSERT INTO `tb_newbee_mall_goods_info` VALUES ('715', 'Dogismile 字母涂鸦风格宠物便携外出双肩猫包狗包酷炫背包', '优质商品', '125', '/goods-img/shoppicpath21583123134_y.jpg', '/goods-img/shoppicpath21583123134_y.jpg', '商品介绍加载中...', '400', '400', '1000', null, '0', '0', '2020-04-01 21:25:35', null, '2020-04-01 21:25:35', null);
INSERT INTO `tb_newbee_mall_goods_info` VALUES ('716', 'Dogismile 宠物外出便携背包双肩包手提猫包狗包 透气舒适', '优质商品', '125', '/goods-img/shoppicpath31583123731_y.jpg', '/goods-img/shoppicpath31583123731_y.jpg', '商品介绍加载中...', '280', '280', '1000', null, '0', '0', '2020-04-01 21:25:35', null, '2020-04-01 21:25:35', null);
INSERT INTO `tb_newbee_mall_goods_info` VALUES ('717', 'Dogismile 宠物外出双肩帆布背包猫包狗包 便携透气', '优质商品', '125', '/goods-img/shoppicpath41581925822_y.jpg', '/goods-img/shoppicpath41581925822_y.jpg', '商品介绍加载中...', '400', '400', '1000', null, '0', '0', '2020-04-01 21:25:35', null, '2020-04-01 21:25:35', null);
INSERT INTO `tb_newbee_mall_goods_info` VALUES ('718', 'Dogismile 宠物外出便携背包双肩包猫包狗包 透气舒适', '优质商品', '125', '/goods-img/shoppicpath11583124313_y.jpg', '/goods-img/shoppicpath11583124313_y.jpg', '商品介绍加载中...', '260', '260', '1000', null, '0', '0', '2020-04-01 21:25:35', null, '2020-04-01 21:25:35', null);
INSERT INTO `tb_newbee_mall_goods_info` VALUES ('719', '福莱希flexi 荧光黄系列狗狗自动伸缩牵引绳', '优质商品', '126', '/goods-img/shoppicpath11540657672_y.jpg', '/goods-img/shoppicpath11540657672_y.jpg', '商品介绍加载中...', '99', '99', '1000', null, '0', '0', '2020-04-01 21:25:35', null, '2020-04-01 21:25:35', null);
INSERT INTO `tb_newbee_mall_goods_info` VALUES ('720', '怡亲Yoken 宠物自动牵引绳', '优质商品', '126', '/goods-img/shoppicpath11524561235_y.jpg', '/goods-img/shoppicpath11524561235_y.jpg', '商品介绍加载中...', '29', '29', '1000', null, '0', '0', '2020-04-01 21:25:35', null, '2020-04-01 21:25:35', null);
INSERT INTO `tb_newbee_mall_goods_info` VALUES ('721', '怡亲Yoken 宠物多彩牵引绳牵狗绳', '优质商品', '126', '/goods-img/shoppicpath11540657135_y.jpg', '/goods-img/shoppicpath11540657135_y.jpg', '商品介绍加载中...', '21', '21', '1000', null, '0', '0', '2020-04-01 21:25:35', null, '2020-04-01 21:25:35', null);
INSERT INTO `tb_newbee_mall_goods_info` VALUES ('722', '福莱希flexi 外星人系列狗狗自动伸缩牵引绳（带状）', '优质商品', '126', '/goods-img/shoppicpath11540541079_y.jpg', '/goods-img/shoppicpath11540541079_y.jpg', '商品介绍加载中...', '140', '140', '1000', null, '0', '0', '2020-04-01 21:25:35', null, '2020-04-01 21:25:35', null);
INSERT INTO `tb_newbee_mall_goods_info` VALUES ('723', '福莱希flexi 火星人系列狗狗自动伸缩牵引绳', '优质商品', '126', '/goods-img/shoppicpath11540541043_y.jpg', '/goods-img/shoppicpath11540541043_y.jpg', '商品介绍加载中...', '86', '86', '1000', null, '0', '0', '2020-04-01 21:25:35', null, '2020-04-01 21:25:35', null);
INSERT INTO `tb_newbee_mall_goods_info` VALUES ('724', '福莱希flexi 德版经典系列自动牵引绳', '优质商品', '126', '/goods-img/shoppicpath11540657357_y.jpg', '/goods-img/shoppicpath11540657357_y.jpg', '商品介绍加载中...', '60', '60', '1000', null, '0', '0', '2020-04-01 21:25:35', null, '2020-04-01 21:25:35', null);
INSERT INTO `tb_newbee_mall_goods_info` VALUES ('725', '怡亲 狗狗牵引绳三件套', '优质商品', '126', '/goods-img/shoppicpath11521795737_y.jpg', '/goods-img/shoppicpath11521795737_y.jpg', '商品介绍加载中...', '24', '24', '1000', null, '0', '0', '2020-04-01 21:25:35', null, '2020-04-01 21:25:35', null);
INSERT INTO `tb_newbee_mall_goods_info` VALUES ('726', '伊丽Elite  登山款胸背两件套狗用三角胸背带牵引绳套装  狗胸背带', '优质商品', '126', '/goods-img/shoppicpath41556017828_y.jpg', '/goods-img/shoppicpath41556017828_y.jpg', '商品介绍加载中...', '12', '12', '1000', null, '0', '0', '2020-04-01 21:25:35', null, '2020-04-01 21:25:35', null);
INSERT INTO `tb_newbee_mall_goods_info` VALUES ('727', '福莱希flexi 外星人运动系列狗狗自动伸缩牵引绳', '优质商品', '126', '/goods-img/shoppicpath11540657388_y.jpg', '/goods-img/shoppicpath11540657388_y.jpg', '商品介绍加载中...', '125', '125', '1000', null, '0', '0', '2020-04-01 21:25:35', null, '2020-04-01 21:25:35', null);
INSERT INTO `tb_newbee_mall_goods_info` VALUES ('728', '福莱希flexi 外星人系列狗狗自动伸缩牵引绳（绳状）', '优质商品', '126', '/goods-img/shoppicpath11540657593_y.jpg', '/goods-img/shoppicpath11540657593_y.jpg', '商品介绍加载中...', '108', '108', '1000', null, '0', '0', '2020-04-01 21:25:36', null, '2020-04-01 21:25:36', null);
INSERT INTO `tb_newbee_mall_goods_info` VALUES ('729', '福莱希flexi 土豪金Plus系列狗狗自动伸缩牵引绳', '优质商品', '126', '/goods-img/shoppicpath11499152140_y.jpg', '/goods-img/shoppicpath11499152140_y.jpg', '商品介绍加载中...', '135', '135', '1000', null, '0', '0', '2020-04-01 21:25:36', null, '2020-04-01 21:25:36', null);
INSERT INTO `tb_newbee_mall_goods_info` VALUES ('730', '福莱希flexi 巨型犬系列荧光黄带状自动伸缩牵引绳', '优质商品', '126', '/goods-img/shoppicpath11499149751_y.jpg', '/goods-img/shoppicpath11499149751_y.jpg', '商品介绍加载中...', '408', '408', '1000', null, '0', '0', '2020-04-01 21:25:36', null, '2020-04-01 21:25:36', null);
INSERT INTO `tb_newbee_mall_goods_info` VALUES ('731', '菲达Fida Mars系列自动伸缩牵引绳 UFO系列仿生摩托时尚潮流', '优质商品', '126', '/goods-img/shoppicpath11540657787_y.jpg', '/goods-img/shoppicpath11540657787_y.jpg', '商品介绍加载中...', '99', '99', '1000', null, '0', '0', '2020-04-01 21:25:36', null, '2020-04-01 21:25:36', null);
INSERT INTO `tb_newbee_mall_goods_info` VALUES ('732', '酷极Kyjen 舒适弹力缓冲全能狗狗牵引绳', '优质商品', '126', '/goods-img/shoppicpath11540657646_y.jpg', '/goods-img/shoppicpath11540657646_y.jpg', '商品介绍加载中...', '99', '99', '1000', null, '0', '0', '2020-04-01 21:25:36', null, '2020-04-01 21:25:36', null);
INSERT INTO `tb_newbee_mall_goods_info` VALUES ('733', '美国zeedog 多色炫彩狗狗牵引绳 欧美潮牌', '优质商品', '126', '/goods-img/shoppicpath11554954903_y.jpg', '/goods-img/shoppicpath11554954903_y.jpg', '商品介绍加载中...', '79', '79', '1000', null, '0', '0', '2020-04-01 21:25:36', null, '2020-04-01 21:25:36', null);
INSERT INTO `tb_newbee_mall_goods_info` VALUES ('734', '福莱希flexi 草莓系列自动伸缩狗狗牵引绳', '优质商品', '126', '/goods-img/shoppicpath11572235314_y.jpg', '/goods-img/shoppicpath11572235314_y.jpg', '商品介绍加载中...', '157', '157', '1000', null, '0', '0', '2020-04-01 21:25:36', null, '2020-04-01 21:25:36', null);
INSERT INTO `tb_newbee_mall_goods_info` VALUES ('735', 'TARKY 丹宁牛仔狗狗牵引绳 结实耐用', '优质商品', '126', '/goods-img/shoppicpath11528784274_y.jpg', '/goods-img/shoppicpath11528784274_y.jpg', '商品介绍加载中...', '54', '54', '1000', null, '0', '0', '2020-04-01 21:25:36', null, '2020-04-01 21:25:36', null);
INSERT INTO `tb_newbee_mall_goods_info` VALUES ('736', '酷极Kyjen 舒适弹力短款缓冲全能狗狗牵引绳', '优质商品', '126', '/goods-img/shoppicpath11540657619_y.jpg', '/goods-img/shoppicpath11540657619_y.jpg', '商品介绍加载中...', '139', '139', '1000', null, '0', '0', '2020-04-01 21:25:36', null, '2020-04-01 21:25:36', null);
INSERT INTO `tb_newbee_mall_goods_info` VALUES ('737', '多可特 宠物胸背牵引绳二件套 经久耐用', '优质商品', '126', '/goods-img/shoppicpath11583124854_y.jpg', '/goods-img/shoppicpath11583124854_y.jpg', '商品介绍加载中...', '9', '9', '1000', null, '0', '0', '2020-04-01 21:25:36', null, '2020-04-01 21:25:36', null);
INSERT INTO `tb_newbee_mall_goods_info` VALUES ('738', '惠特莉 硅橡胶系列牵引绳', '优质商品', '126', '/goods-img/shoppicpath11561443533_y.jpg', '/goods-img/shoppicpath11561443533_y.jpg', '商品介绍加载中...', '35', '35', '1000', null, '0', '0', '2020-04-01 21:25:36', null, '2020-04-01 21:25:36', null);
INSERT INTO `tb_newbee_mall_goods_info` VALUES ('739', '德丰Dog\'s life 天使花边狗狗拉胸背带', '优质商品', '127', '/goods-img/shoppicpath21561373110_y.jpg', '/goods-img/shoppicpath21561373110_y.jpg', '商品介绍加载中...', '10', '10', '1000', null, '0', '0', '2020-04-01 21:25:36', null, '2020-04-01 21:25:36', null);
INSERT INTO `tb_newbee_mall_goods_info` VALUES ('740', '德丰Dog\"s life 五星格子背心式狗狗胸背带', '优质商品', '127', '/goods-img/shoppicpath11561373259_y.jpg', '/goods-img/shoppicpath11561373259_y.jpg', '商品介绍加载中...', '27', '27', '1000', null, '0', '0', '2020-04-01 21:25:36', null, '2020-04-01 21:25:36', null);
INSERT INTO `tb_newbee_mall_goods_info` VALUES ('741', '它它Touchdog 狗狗牵引圆绳胸背带 小型犬泰迪狗绳', '优质商品', '127', '/goods-img/shoppicpath11525939324_y.jpg', '/goods-img/shoppicpath11525939324_y.jpg', '商品介绍加载中...', '29', '29', '1000', null, '0', '0', '2020-04-01 21:25:36', null, '2020-04-01 21:25:36', null);
INSERT INTO `tb_newbee_mall_goods_info` VALUES ('742', '德丰Dog\'s life 牛仔脚印花边狗狗拉胸背带', '优质商品', '127', '/goods-img/shoppicpath11561378751_y.jpg', '/goods-img/shoppicpath11561378751_y.jpg', '商品介绍加载中...', '9', '9', '1000', null, '0', '0', '2020-04-01 21:25:36', null, '2020-04-01 21:25:36', null);
INSERT INTO `tb_newbee_mall_goods_info` VALUES ('743', '怡亲 狗狗拉带加胸背带套餐', '优质商品', '127', '/goods-img/shoppicpath11521808272_y.jpg', '/goods-img/shoppicpath11521808272_y.jpg', '商品介绍加载中...', '15', '15', '1000', null, '0', '0', '2020-04-01 21:25:36', null, '2020-04-01 21:25:36', null);
INSERT INTO `tb_newbee_mall_goods_info` VALUES ('744', '德丰Dog\'s life 德式泡棉狗狗胸背带', '优质商品', '127', '/goods-img/shoppicpath11539944672_y.jpg', '/goods-img/shoppicpath11539944672_y.jpg', '商品介绍加载中...', '27', '27', '1000', null, '0', '0', '2020-04-01 21:25:36', null, '2020-04-01 21:25:36', null);
INSERT INTO `tb_newbee_mall_goods_info` VALUES ('745', '千羽 织唛狗狗胸背带 颜色随机', '优质商品', '127', '/goods-img/shoppicpath11456295364_y.jpg', '/goods-img/shoppicpath11456295364_y.jpg', '商品介绍加载中...', '35', '35', '1000', null, '0', '0', '2020-04-01 21:25:37', null, '2020-04-01 21:25:37', null);
INSERT INTO `tb_newbee_mall_goods_info` VALUES ('746', '德丰Dog\'s life 彩网尼龙狗狗胸背带', '优质商品', '127', '/goods-img/shoppicpath11561377818_y.jpg', '/goods-img/shoppicpath11561377818_y.jpg', '商品介绍加载中...', '34', '34', '1000', null, '0', '0', '2020-04-01 21:25:37', null, '2020-04-01 21:25:37', null);
INSERT INTO `tb_newbee_mall_goods_info` VALUES ('747', '美国酷极Kyjen 舒适型包裹狗狗胸背带', '优质商品', '127', '/goods-img/shoppicpath11561442338_y.jpg', '/goods-img/shoppicpath11561442338_y.jpg', '商品介绍加载中...', '159', '159', '1000', null, '0', '0', '2020-04-01 21:25:37', null, '2020-04-01 21:25:37', null);
INSERT INTO `tb_newbee_mall_goods_info` VALUES ('748', '伊丽Elite  大狗防爆冲透气胸背带 反光条个性字帖  狗胸背带', '优质商品', '127', '/goods-img/shoppicpath41556265217_y.jpg', '/goods-img/shoppicpath41556265217_y.jpg', '商品介绍加载中...', '28', '28', '1000', null, '0', '0', '2020-04-01 21:25:37', null, '2020-04-01 21:25:37', null);
INSERT INTO `tb_newbee_mall_goods_info` VALUES ('749', '它它Touchdog 狗狗牵引带项圈胸背带套装', '优质商品', '127', '/goods-img/shoppicpath11480412916_y.jpg', '/goods-img/shoppicpath11480412916_y.jpg', '商品介绍加载中...', '30', '30', '1000', null, '0', '0', '2020-04-01 21:25:37', null, '2020-04-01 21:25:37', null);
INSERT INTO `tb_newbee_mall_goods_info` VALUES ('750', '小佩Petkit Air舒适运动透气夜间反光狗狗胸背带', '优质商品', '127', '/goods-img/shoppicpath41515750790_y.jpg', '/goods-img/shoppicpath41515750790_y.jpg', '商品介绍加载中...', '179', '179', '1000', null, '0', '0', '2020-04-01 21:25:37', null, '2020-04-01 21:25:37', null);
INSERT INTO `tb_newbee_mall_goods_info` VALUES ('751', '德丰Dog\'s life 背心式宠物胸背 狗狗胸背带DF-LH0048', '优质商品', '127', '/goods-img/shoppicpath11561378890_y.jpg', '/goods-img/shoppicpath11561378890_y.jpg', '商品介绍加载中...', '28', '28', '1000', null, '0', '0', '2020-04-01 21:25:37', null, '2020-04-01 21:25:37', null);
INSERT INTO `tb_newbee_mall_goods_info` VALUES ('752', '小佩Petki Air 2代羽量体感环绕贴身狗狗胸背带', '优质商品', '127', '/goods-img/shoppicpath11561379023_y.jpg', '/goods-img/shoppicpath11561379023_y.jpg', '商品介绍加载中...', '99', '99', '1000', null, '0', '0', '2020-04-01 21:25:37', null, '2020-04-01 21:25:37', null);
INSERT INTO `tb_newbee_mall_goods_info` VALUES ('753', 'TARKY 丹宁牛仔简易狗狗胸背带', '优质商品', '127', '/goods-img/shoppicpath11540649153_y.jpg', '/goods-img/shoppicpath11540649153_y.jpg', '商品介绍加载中...', '63', '63', '1000', null, '0', '0', '2020-04-01 21:25:37', null, '2020-04-01 21:25:37', null);
INSERT INTO `tb_newbee_mall_goods_info` VALUES ('754', '德丰Dog\'s life 绒心贴身宠物胸背带 DF-H1506', '优质商品', '127', '/goods-img/shoppicpath11561377754_y.jpg', '/goods-img/shoppicpath11561377754_y.jpg', '商品介绍加载中...', '34', '34', '1000', null, '0', '0', '2020-04-01 21:25:37', null, '2020-04-01 21:25:37', null);
INSERT INTO `tb_newbee_mall_goods_info` VALUES ('755', 'Julius K9 魔术贴个性化定制 狗狗宠物胸背定制字', '优质商品', '127', '/goods-img/shoppicpath11548057377_y.jpg', '/goods-img/shoppicpath11548057377_y.jpg', '商品介绍加载中...', '60', '60', '1000', null, '0', '0', '2020-04-01 21:25:37', null, '2020-04-01 21:25:37', null);
INSERT INTO `tb_newbee_mall_goods_info` VALUES ('756', '小佩 飞织胸背带漫威款 缓震保护', '优质商品', '127', '/goods-img/shoppicpath11558605423_y.jpg', '/goods-img/shoppicpath11558605423_y.jpg', '商品介绍加载中...', '139', '139', '1000', null, '0', '0', '2020-04-01 21:25:37', null, '2020-04-01 21:25:37', null);
INSERT INTO `tb_newbee_mall_goods_info` VALUES ('757', '小佩 飞织胸背带基础款 轻盈透气', '优质商品', '127', '/goods-img/shoppicpath11558604903_y.jpg', '/goods-img/shoppicpath11558604903_y.jpg', '商品介绍加载中...', '119', '119', '1000', null, '0', '0', '2020-04-01 21:25:37', null, '2020-04-01 21:25:37', null);
INSERT INTO `tb_newbee_mall_goods_info` VALUES ('758', 'kojima 狗狗迷彩胸背 简约时尚宠物胸背带', '优质商品', '127', '/goods-img/shoppicpath11561533325_y.jpg', '/goods-img/shoppicpath11561533325_y.jpg', '商品介绍加载中...', '50', '50', '1000', null, '0', '0', '2020-04-01 21:25:38', null, '2020-04-01 21:25:38', null);
INSERT INTO `tb_newbee_mall_goods_info` VALUES ('759', '怡亲Yoken 皮革帆布护颈狗狗项圈', '优质商品', '128', '/goods-img/shoppicpath11522750760_y.jpg', '/goods-img/shoppicpath11522750760_y.jpg', '商品介绍加载中...', '12', '12', '1000', null, '0', '0', '2020-04-01 21:25:38', null, '2020-04-01 21:25:38', null);
INSERT INTO `tb_newbee_mall_goods_info` VALUES ('760', '（赠品）怡亲 伴手礼项圈2.0*45cm', '优质商品', '128', '/goods-img/shoppicpath11528193503_y.jpg', '/goods-img/shoppicpath11528193503_y.jpg', '商品介绍加载中...', '31', '31', '1000', null, '0', '0', '2020-04-01 21:25:38', null, '2020-04-01 21:25:38', null);
INSERT INTO `tb_newbee_mall_goods_info` VALUES ('761', '怡亲 《一条狗的使命》贝利同款项圈吊牌', '优质商品', '128', '/goods-img/shoppicpath11524101882_y.jpg', '/goods-img/shoppicpath11524101882_y.jpg', '商品介绍加载中...', '76', '76', '1000', null, '0', '0', '2020-04-01 21:25:38', null, '2020-04-01 21:25:38', null);
INSERT INTO `tb_newbee_mall_goods_info` VALUES ('762', 'ohh 天然植物萃取精油驱虫项圈 猫狗通用', '优质商品', '128', '/goods-img/shoppicpath11444447457_y.jpg', '/goods-img/shoppicpath11444447457_y.jpg', '商品介绍加载中...', '35', '35', '1000', null, '0', '0', '2020-04-01 21:25:38', null, '2020-04-01 21:25:38', null);
INSERT INTO `tb_newbee_mall_goods_info` VALUES ('763', 'TARKY 丹宁牛仔可调节式狗狗项圈', '优质商品', '128', '/goods-img/shoppicpath11540649066_y.jpg', '/goods-img/shoppicpath11540649066_y.jpg', '商品介绍加载中...', '45', '45', '1000', null, '0', '0', '2020-04-01 21:25:38', null, '2020-04-01 21:25:38', null);
INSERT INTO `tb_newbee_mall_goods_info` VALUES ('764', '美国zeedog 可调节式犬用项圈 欧美潮牌', '优质商品', '128', '/goods-img/shoppicpath11554954515_y.jpg', '/goods-img/shoppicpath11554954515_y.jpg', '商品介绍加载中...', '49', '49', '1000', null, '0', '0', '2020-04-01 21:25:38', null, '2020-04-01 21:25:38', null);
INSERT INTO `tb_newbee_mall_goods_info` VALUES ('765', 'TARKY 串串球可调节加软垫狗项圈', '优质商品', '128', '/goods-img/shoppicpath11540649028_y.jpg', '/goods-img/shoppicpath11540649028_y.jpg', '商品介绍加载中...', '54', '54', '1000', null, '0', '0', '2020-04-01 21:25:38', null, '2020-04-01 21:25:38', null);
INSERT INTO `tb_newbee_mall_goods_info` VALUES ('766', '美国zeedog 多色炫彩宠物领结 欧美潮牌', '优质商品', '128', '/goods-img/shoppicpath11554962203_y.jpg', '/goods-img/shoppicpath11554962203_y.jpg', '商品介绍加载中...', '29', '29', '1000', null, '0', '0', '2020-04-01 21:25:38', null, '2020-04-01 21:25:38', null);
INSERT INTO `tb_newbee_mall_goods_info` VALUES ('767', 'Ryan&dog RD 瑞恩 防蚊虫项圈口水巾 犬猫通用', '优质商品', '128', '/goods-img/shoppicpath11558349961_y.jpg', '/goods-img/shoppicpath11558349961_y.jpg', '商品介绍加载中...', '69', '69', '1000', null, '0', '0', '2020-04-01 21:25:38', null, '2020-04-01 21:25:38', null);
INSERT INTO `tb_newbee_mall_goods_info` VALUES ('768', 'TARKY 水钻皮革舒适不卡毛狗项圈', '优质商品', '128', '/goods-img/shoppicpath11540648983_y.jpg', '/goods-img/shoppicpath11540648983_y.jpg', '商品介绍加载中...', '45', '45', '1000', null, '0', '0', '2020-04-01 21:25:38', null, '2020-04-01 21:25:38', null);
INSERT INTO `tb_newbee_mall_goods_info` VALUES ('769', 'Ryan&dog 瑞恩 水冰月猫咪项圈 草药防虫 拒绝叮咬', '优质商品', '128', '/goods-img/shoppicpath51560765050_y.jpg', '/goods-img/shoppicpath51560765050_y.jpg', '商品介绍加载中...', '49', '49', '1000', null, '0', '0', '2020-04-01 21:25:38', null, '2020-04-01 21:25:38', null);
INSERT INTO `tb_newbee_mall_goods_info` VALUES ('770', 'TARKY 串串球可调节式狗项圈', '优质商品', '128', '/goods-img/shoppicpath11540649105_y.jpg', '/goods-img/shoppicpath11540649105_y.jpg', '商品介绍加载中...', '45', '45', '1000', null, '0', '0', '2020-04-01 21:25:38', null, '2020-04-01 21:25:38', null);
INSERT INTO `tb_newbee_mall_goods_info` VALUES ('771', '加拿大opawz 橙色流苏方形柳钉皮带项圈 中小型犬猫通用', '优质商品', '128', '/goods-img/shoppicpath21462326247_y.jpg', '/goods-img/shoppicpath21462326247_y.jpg', '商品介绍加载中...', '62', '62', '1000', null, '0', '0', '2020-04-01 21:25:38', null, '2020-04-01 21:25:38', null);
INSERT INTO `tb_newbee_mall_goods_info` VALUES ('772', '德丰Dog\'s life 心形花边狗狗项圈', '优质商品', '128', '/goods-img/shoppicpath11427451269_y.jpg', '/goods-img/shoppicpath11427451269_y.jpg', '商品介绍加载中...', '3', '3', '1000', null, '0', '0', '2020-04-01 21:25:38', null, '2020-04-01 21:25:38', null);
INSERT INTO `tb_newbee_mall_goods_info` VALUES ('773', '德丰Dog\'s life 德式泡棉狗狗单颈带', '优质商品', '128', '/goods-img/shoppicpath11539944806_y.jpg', '/goods-img/shoppicpath11539944806_y.jpg', '商品介绍加载中...', '11', '11', '1000', null, '0', '0', '2020-04-01 21:25:39', null, '2020-04-01 21:25:39', null);
INSERT INTO `tb_newbee_mall_goods_info` VALUES ('774', '贝宝捷Beaugo P型狗项圈 防爆冲行为纠正', '优质商品', '128', '/goods-img/shoppicpath11540648927_y.jpg', '/goods-img/shoppicpath11540648927_y.jpg', '商品介绍加载中...', '38', '38', '1000', null, '0', '0', '2020-04-01 21:25:39', null, '2020-04-01 21:25:39', null);
INSERT INTO `tb_newbee_mall_goods_info` VALUES ('775', 'IS PET 织带宠物颈圈 狗项圈 轻量化设计 时尚耐用', '优质商品', '128', '/goods-img/shoppicpath11571651517_y.jpg', '/goods-img/shoppicpath11571651517_y.jpg', '商品介绍加载中...', '32', '32', '1000', null, '0', '0', '2020-04-01 21:25:39', null, '2020-04-01 21:25:39', null);
INSERT INTO `tb_newbee_mall_goods_info` VALUES ('776', '加拿大opawz 镶钻镀银皮带项圈 中小型犬猫', '优质商品', '128', '/goods-img/shoppicpath21462763971_y.jpg', '/goods-img/shoppicpath21462763971_y.jpg', '商品介绍加载中...', '62', '62', '1000', null, '0', '0', '2020-04-01 21:25:39', null, '2020-04-01 21:25:39', null);
INSERT INTO `tb_newbee_mall_goods_info` VALUES ('777', 'TARKY 透气网状外出狗口罩 防咬 防异食', '优质商品', '129', '/goods-img/shoppicpath11540646427_y.jpg', '/goods-img/shoppicpath11540646427_y.jpg', '商品介绍加载中...', '27', '27', '1000', null, '0', '0', '2020-04-01 21:25:39', null, '2020-04-01 21:25:39', null);
INSERT INTO `tb_newbee_mall_goods_info` VALUES ('778', 'Pawise 外出便携式宠物狗狗饮水壶 500ml', '优质商品', '129', '/goods-img/shoppicpath11569407921_y.jpg', '/goods-img/shoppicpath11569407921_y.jpg', '商品介绍加载中...', '19', '19', '1000', null, '0', '0', '2020-04-01 21:25:39', null, '2020-04-01 21:25:39', null);
INSERT INTO `tb_newbee_mall_goods_info` VALUES ('779', '怡亲Yoken 狗用尼龙口罩', '优质商品', '129', '/goods-img/shoppicpath11570515857_y.jpg', '/goods-img/shoppicpath11570515857_y.jpg', '商品介绍加载中...', '8', '8', '1000', null, '0', '0', '2020-04-01 21:25:39', null, '2020-04-01 21:25:39', null);
INSERT INTO `tb_newbee_mall_goods_info` VALUES ('780', '台湾TARKY 透气舒适塑料狗口罩 大小可调节 防止异食', '优质商品', '129', '/goods-img/shoppicpath11554104861_y.jpg', '/goods-img/shoppicpath11554104861_y.jpg', '商品介绍加载中...', '49', '49', '1000', null, '0', '0', '2020-04-01 21:25:39', null, '2020-04-01 21:25:39', null);
INSERT INTO `tb_newbee_mall_goods_info` VALUES ('781', '小佩Petki 宠物随行杯专用滤芯两个装', '优质商品', '129', '/goods-img/shoppicpath11506072409_y.jpg', '/goods-img/shoppicpath11506072409_y.jpg', '商品介绍加载中...', '19', '19', '1000', null, '0', '0', '2020-04-01 21:25:39', null, '2020-04-01 21:25:39', null);
INSERT INTO `tb_newbee_mall_goods_info` VALUES ('782', 'TARKY 可调网布狗口罩 防咬防止异食 啃土', '优质商品', '129', '/goods-img/shoppicpath21565838990_y.jpg', '/goods-img/shoppicpath21565838990_y.jpg', '商品介绍加载中...', '45', '45', '1000', null, '0', '0', '2020-04-01 21:25:39', null, '2020-04-01 21:25:39', null);
INSERT INTO `tb_newbee_mall_goods_info` VALUES ('783', 'petlot 宠物雨鞋狗鞋子 一体成型 加厚防滑', '优质商品', '129', '/goods-img/shoppicpath11563434398_y.jpg', '/goods-img/shoppicpath11563434398_y.jpg', '商品介绍加载中...', '13', '13', '1000', null, '0', '0', '2020-04-01 21:25:39', null, '2020-04-01 21:25:39', null);
INSERT INTO `tb_newbee_mall_goods_info` VALUES ('784', '多可特 宠物防雾霾口罩三只 狗狗口罩', '优质商品', '129', '/goods-img/shoppicpath21581587294_y.jpg', '/goods-img/shoppicpath21581587294_y.jpg', '商品介绍加载中...', '49', '49', '1000', null, '0', '0', '2020-04-01 21:25:39', null, '2020-04-01 21:25:39', null);
INSERT INTO `tb_newbee_mall_goods_info` VALUES ('785', '小佩 宠物随行杯400ml漫威款 一键喂水', '优质商品', '129', '/goods-img/shoppicpath11558606136_y.jpg', '/goods-img/shoppicpath11558606136_y.jpg', '商品介绍加载中...', '79', '79', '1000', null, '0', '0', '2020-04-01 21:25:39', null, '2020-04-01 21:25:39', null);
INSERT INTO `tb_newbee_mall_goods_info` VALUES ('786', '小佩Petki 车载专用宠物安全带', '优质商品', '129', '/goods-img/shoppicpath11540648680_y.jpg', '/goods-img/shoppicpath11540648680_y.jpg', '商品介绍加载中...', '49', '49', '1000', null, '0', '0', '2020-04-01 21:25:39', null, '2020-04-01 21:25:39', null);
INSERT INTO `tb_newbee_mall_goods_info` VALUES ('787', '休普 外出随身训犬硅胶腰包', '优质商品', '129', '/goods-img/shoppicpath11540646463_y.jpg', '/goods-img/shoppicpath11540646463_y.jpg', '商品介绍加载中...', '46', '46', '1000', null, '0', '0', '2020-04-01 21:25:39', null, '2020-04-01 21:25:39', null);
INSERT INTO `tb_newbee_mall_goods_info` VALUES ('788', '福莱希flexi 狗狗牵引绳多功能盒配件（不适合XS）', '优质商品', '129', '/goods-img/shoppicpath11561372785_y.jpg', '/goods-img/shoppicpath11561372785_y.jpg', '商品介绍加载中...', '76', '76', '1000', null, '0', '0', '2020-04-01 21:25:39', null, '2020-04-01 21:25:39', null);
INSERT INTO `tb_newbee_mall_goods_info` VALUES ('789', '怡亲 宠物户外地钉', '优质商品', '129', '/goods-img/shoppicpath11524101227_y.jpg', '/goods-img/shoppicpath11524101227_y.jpg', '商品介绍加载中...', '29', '29', '1000', null, '0', '0', '2020-04-01 21:25:39', null, '2020-04-01 21:25:39', null);
INSERT INTO `tb_newbee_mall_goods_info` VALUES ('790', '嬉皮狗 果色狗狗雨鞋 宠物鞋', '优质商品', '129', '/goods-img/shoppicpath11553854089_y.jpg', '/goods-img/shoppicpath11553854089_y.jpg', '商品介绍加载中...', '10', '10', '1000', null, '0', '0', '2020-04-01 21:25:39', null, '2020-04-01 21:25:39', null);
INSERT INTO `tb_newbee_mall_goods_info` VALUES ('791', '优贝卡 豪华双层双座宠物汽车垫', '优质商品', '129', '/goods-img/shoppicpath31532586395_y.jpg', '/goods-img/shoppicpath31532586395_y.jpg', '商品介绍加载中...', '149', '149', '1000', null, '0', '0', '2020-04-01 21:25:39', null, '2020-04-01 21:25:39', null);
INSERT INTO `tb_newbee_mall_goods_info` VALUES ('792', 'Petalways 小玄智能GPS宠物定位器Mini款 三重定位', '优质商品', '129', '/goods-img/shoppicpath11540646123_y.jpg', '/goods-img/shoppicpath11540646123_y.jpg', '商品介绍加载中...', '399', '399', '1000', null, '0', '0', '2020-04-01 21:25:40', null, '2020-04-01 21:25:40', null);
INSERT INTO `tb_newbee_mall_goods_info` VALUES ('793', '美国Solvit 宠物受伤残疾狗狗辅助外出牵引 进口 欧美热销', '优质商品', '129', '/goods-img/shoppicpath11561442271_y.jpg', '/goods-img/shoppicpath11561442271_y.jpg', '商品介绍加载中...', '88', '88', '1000', null, '0', '0', '2020-04-01 21:25:40', null, '2020-04-01 21:25:40', null);
INSERT INTO `tb_newbee_mall_goods_info` VALUES ('794', '福莱希flexi 狗狗牵引绳多功能盒配件 （不适合XS）', '优质商品', '129', '/goods-img/shoppicpath11561372992_y.jpg', '/goods-img/shoppicpath11561372992_y.jpg', '商品介绍加载中...', '76', '76', '1000', null, '0', '0', '2020-04-01 21:25:40', null, '2020-04-01 21:25:40', null);
INSERT INTO `tb_newbee_mall_goods_info` VALUES ('795', '美国Solvit 车载防晕防尿宠物安全兜 进口 欧美热销', '优质商品', '129', '/goods-img/shoppicpath11540648780_y.jpg', '/goods-img/shoppicpath11540648780_y.jpg', '商品介绍加载中...', '138', '138', '1000', null, '0', '0', '2020-04-01 21:25:40', null, '2020-04-01 21:25:40', null);
INSERT INTO `tb_newbee_mall_goods_info` VALUES ('796', '国王世家kingsfamily外出便捷折叠狗碗 简约时尚', '优质商品', '129', '/goods-img/shoppicpath11569829022_y.jpg', '/goods-img/shoppicpath11569829022_y.jpg', '商品介绍加载中...', '49', '49', '1000', null, '0', '0', '2020-04-01 21:25:40', null, '2020-04-01 21:25:40', null);
INSERT INTO `tb_newbee_mall_goods_info` VALUES ('797', '法国皇家Royal Canin 室内成猫猫粮 2kg i27', '优质商品', '150', '/goods-img/shoppicpath11566290878_y.jpg', '/goods-img/shoppicpath11566290878_y.jpg', '商品介绍加载中...', '136', '136', '1000', null, '0', '0', '2020-04-01 21:25:40', null, '2020-04-01 21:25:40', null);
INSERT INTO `tb_newbee_mall_goods_info` VALUES ('798', '法国皇家Royal Canin 孕猫及12个月以下幼猫粮  2kg K36', '优质商品', '150', '/goods-img/shoppicpath11566292134_y.jpg', '/goods-img/shoppicpath11566292134_y.jpg', '商品介绍加载中...', '162', '162', '1000', null, '0', '0', '2020-04-01 21:25:40', null, '2020-04-01 21:25:40', null);
INSERT INTO `tb_newbee_mall_goods_info` VALUES ('799', '伟嘉 海洋鱼味低盐清淡幼猫粮 1.2kg', '优质商品', '150', '/goods-img/shoppicpath11582097001_y.jpg', '/goods-img/shoppicpath11582097001_y.jpg', '商品介绍加载中...', '43', '43', '1000', null, '0', '0', '2020-04-01 21:25:40', null, '2020-04-01 21:25:40', null);
INSERT INTO `tb_newbee_mall_goods_info` VALUES ('800', '怡亲Yoken 深海鱼幼猫粮 2.5kg', '优质商品', '150', '/goods-img/shoppicpath11540823754_y.jpg', '/goods-img/shoppicpath11540823754_y.jpg', '商品介绍加载中...', '69', '69', '1000', null, '0', '0', '2020-04-01 21:25:40', null, '2020-04-01 21:25:40', null);
INSERT INTO `tb_newbee_mall_goods_info` VALUES ('801', '妙多乐CatChow 均衡营养全价成猫粮 1.5kg', '优质商品', '150', '/goods-img/shoppicpath11540783769_y.jpg', '/goods-img/shoppicpath11540783769_y.jpg', '商品介绍加载中...', '53', '53', '1000', null, '0', '0', '2020-04-01 21:25:40', null, '2020-04-01 21:25:40', null);
INSERT INTO `tb_newbee_mall_goods_info` VALUES ('802', '怡亲Yoken 去毛球成猫粮 2.5kg', '优质商品', '150', '/goods-img/shoppicpath11577354940_y.jpg', '/goods-img/shoppicpath11577354940_y.jpg', '商品介绍加载中...', '69', '69', '1000', null, '0', '0', '2020-04-01 21:25:40', null, '2020-04-01 21:25:40', null);
INSERT INTO `tb_newbee_mall_goods_info` VALUES ('803', '法国皇家Royal Canin 孕猫及12个月以下幼猫粮 10kg K36', '优质商品', '150', '/goods-img/shoppicpath11566292687_y.jpg', '/goods-img/shoppicpath11566292687_y.jpg', '商品介绍加载中...', '540', '540', '1000', null, '0', '0', '2020-04-01 21:25:40', null, '2020-04-01 21:25:40', null);
INSERT INTO `tb_newbee_mall_goods_info` VALUES ('804', '法国皇家Royal Canin 理想体态营养成猫粮2kg F32', '优质商品', '150', '/goods-img/shoppicpath11566284902_y.jpg', '/goods-img/shoppicpath11566284902_y.jpg', '商品介绍加载中...', '110', '110', '1000', null, '0', '0', '2020-04-01 21:25:40', null, '2020-04-01 21:25:40', null);
INSERT INTO `tb_newbee_mall_goods_info` VALUES ('805', '妙多乐CatChow 均衡营养全价成猫粮 10kg', '优质商品', '150', '/goods-img/shoppicpath11540470161_y.jpg', '/goods-img/shoppicpath11540470161_y.jpg', '商品介绍加载中...', '275', '275', '1000', null, '0', '0', '2020-04-01 21:25:40', null, '2020-04-01 21:25:40', null);
INSERT INTO `tb_newbee_mall_goods_info` VALUES ('806', '法国皇家Royal Canin 1-4个月幼猫奶糕粮 400g BK34', '优质商品', '150', '/goods-img/shoppicpath11566284054_y.jpg', '/goods-img/shoppicpath11566284054_y.jpg', '商品介绍加载中...', '36', '36', '1000', null, '0', '0', '2020-04-01 21:25:40', null, '2020-04-01 21:25:40', null);
INSERT INTO `tb_newbee_mall_goods_info` VALUES ('807', '雷米高Ramical 犬猫体内驱虫 口服驱虫药 1片装 广谱抗虫', '优质商品', '82', '/goods-img/shoppicpath11569744772_y.jpg', '/goods-img/shoppicpath11569744772_y.jpg', '商品介绍加载中...', '9', '9', '1000', null, '0', '0', '2020-04-01 22:57:43', null, '2020-04-01 22:57:43', null);
INSERT INTO `tb_newbee_mall_goods_info` VALUES ('808', '雷米高Ramical 澳丽得成犬粮牛肉 深海鱼油狗粮20kg', '优质商品', '82', '/goods-img/shoppicpath11540550796_y.jpg', '/goods-img/shoppicpath11540550796_y.jpg', '商品介绍加载中...', '216', '216', '1000', null, '0', '0', '2020-04-01 22:57:43', null, '2020-04-01 22:57:43', null);
INSERT INTO `tb_newbee_mall_goods_info` VALUES ('809', '康多乐 成犬粮牛肉肝蔬菜狗粮 15kg', '优质商品', '212', '/goods-img/shoppicpath11540550772_y.jpg', '/goods-img/shoppicpath11540550772_y.jpg', '商品介绍加载中...', '260', '260', '1000', null, '0', '0', '2020-04-01 22:57:43', null, '2020-04-01 22:57:43', null);
INSERT INTO `tb_newbee_mall_goods_info` VALUES ('810', '康多乐 幼犬粮活力幼犬发育成长配方狗粮1.4kg', '优质商品', '212', '/goods-img/shoppicpath11545891864_y.jpg', '/goods-img/shoppicpath11545891864_y.jpg', '商品介绍加载中...', '35', '35', '1000', null, '0', '0', '2020-04-01 22:57:43', null, '2020-04-01 22:57:43', null);
INSERT INTO `tb_newbee_mall_goods_info` VALUES ('811', '滋益巅峰Ziwi peak 无谷马鲛鱼羊肉猫罐头185g 92%肉含量 新西兰进口', '优质商品', '213', '/goods-img/shoppicpath11577934748_y.jpg', '/goods-img/shoppicpath11577934748_y.jpg', '商品介绍加载中...', '36', '36', '1000', null, '0', '0', '2020-04-01 22:57:43', null, '2020-04-01 22:57:43', null);
INSERT INTO `tb_newbee_mall_goods_info` VALUES ('812', '滋益巅峰Ziwi peak 无谷鹿肉犬罐头 390g 91%肉含量 新西兰进口', '优质商品', '213', '/goods-img/shoppicpath51577795804_y.jpg', '/goods-img/shoppicpath51577795804_y.jpg', '商品介绍加载中...', '75', '75', '1000', null, '0', '0', '2020-04-01 22:57:43', null, '2020-04-01 22:57:43', null);
INSERT INTO `tb_newbee_mall_goods_info` VALUES ('813', '活力枫叶 黑金系列火鸡深海鱼无谷全猫配方猫粮 7.5lb 加拿大进口', '优质商品', '214', '/goods-img/shoppicpath11562035202_y.jpg', '/goods-img/shoppicpath11562035202_y.jpg', '商品介绍加载中...', '387', '387', '1000', null, '0', '0', '2020-04-01 22:57:43', null, '2020-04-01 22:57:43', null);
INSERT INTO `tb_newbee_mall_goods_info` VALUES ('814', '活力枫叶 原野系列鸡肉三文鱼全猫配方猫粮 10lb', '优质商品', '214', '/goods-img/shoppicpath11555494451_y.jpg', '/goods-img/shoppicpath11555494451_y.jpg', '商品介绍加载中...', '309', '309', '1000', null, '0', '0', '2020-04-01 22:57:43', null, '2020-04-01 22:57:43', null);
INSERT INTO `tb_newbee_mall_goods_info` VALUES ('815', '诺瑞好之味 幼犬粮奶香味狗粮500g', '优质商品', '215', '/goods-img/shoppicpath11517362998_y.jpg', '/goods-img/shoppicpath11517362998_y.jpg', '商品介绍加载中...', '11', '11', '1000', null, '0', '0', '2020-04-01 22:57:43', null, '2020-04-01 22:57:43', null);
INSERT INTO `tb_newbee_mall_goods_info` VALUES ('816', '诺瑞好之味 成猫粮海鲜味低盐猫粮500g 独立包装', '优质商品', '215', '/goods-img/shoppicpath11517381414_y.jpg', '/goods-img/shoppicpath11517381414_y.jpg', '商品介绍加载中...', '11', '11', '1000', null, '0', '0', '2020-04-01 22:57:43', null, '2020-04-01 22:57:43', null);
INSERT INTO `tb_newbee_mall_goods_info` VALUES ('817', '美国卡比Canidae 无谷鸡肉猫罐头零食 70g', '优质商品', '216', '/goods-img/shoppicpath11538204366_y.jpg', '/goods-img/shoppicpath11538204366_y.jpg', '商品介绍加载中...', '13', '13', '1000', null, '0', '0', '2020-04-01 22:57:43', null, '2020-04-01 22:57:43', null);
INSERT INTO `tb_newbee_mall_goods_info` VALUES ('818', '美国卡比Canidae 无谷鸡肉蔬菜狗罐头156g*6罐', '优质商品', '216', '/goods-img/shoppicpath11540352526_y.jpg', '/goods-img/shoppicpath11540352526_y.jpg', '商品介绍加载中...', '120', '120', '1000', null, '0', '0', '2020-04-01 22:57:43', null, '2020-04-01 22:57:43', null);
INSERT INTO `tb_newbee_mall_goods_info` VALUES ('819', '渴望Orijen 六种鲜鱼海藻配方全猫粮1.8kg', '优质商品', '217', '/goods-img/shoppicpath11562837065_y.jpg', '/goods-img/shoppicpath11562837065_y.jpg', '商品介绍加载中...', '281', '281', '1000', null, '0', '0', '2020-04-01 22:57:43', null, '2020-04-01 22:57:43', null);
INSERT INTO `tb_newbee_mall_goods_info` VALUES ('820', '渴望Orijen 无谷鸡肉幼犬粮 2kg 加拿大进口', '优质商品', '217', '/goods-img/shoppicpath11562579969_y.jpg', '/goods-img/shoppicpath11562579969_y.jpg', '商品介绍加载中...', '245', '245', '1000', null, '0', '0', '2020-04-01 22:57:44', null, '2020-04-01 22:57:44', null);
INSERT INTO `tb_newbee_mall_goods_info` VALUES ('821', '美国美士 天然猫粮鸡肉去毛球成猫粮 5磅 原装进口 保质期2020.5.13', '优质商品', '218', '/goods-img/shoppicpath11571139173_y.jpg', '/goods-img/shoppicpath11571139173_y.jpg', '商品介绍加载中...', '288', '288', '1000', null, '0', '0', '2020-04-01 22:57:44', null, '2020-04-01 22:57:44', null);
INSERT INTO `tb_newbee_mall_goods_info` VALUES ('822', '美国美士 天然猫粮三文鱼成猫粮 5磅 原装进口 保质期2020.5.12', '优质商品', '218', '/goods-img/shoppicpath11571138508_y.jpg', '/goods-img/shoppicpath11571138508_y.jpg', '商品介绍加载中...', '278', '278', '1000', null, '0', '0', '2020-04-01 22:57:44', null, '2020-04-01 22:57:44', null);
INSERT INTO `tb_newbee_mall_goods_info` VALUES ('823', '纽翠斯Prairie Red黑钻赤红草原红肉配方混合冻干全犬粮 5磅', '优质商品', '219', '/goods-img/shoppicpath11580800372_y.jpg', '/goods-img/shoppicpath11580800372_y.jpg', '商品介绍加载中...', '260', '260', '1000', null, '0', '0', '2020-04-01 22:57:44', null, '2020-04-01 22:57:44', null);
INSERT INTO `tb_newbee_mall_goods_info` VALUES ('824', '纽翠斯Fraser Valley黑钻菲沙河谷鸡肉配方混合冻干犬粮 5磅', '优质商品', '219', '/goods-img/shoppicpath11580801143_y.jpg', '/goods-img/shoppicpath11580801143_y.jpg', '商品介绍加载中...', '250', '250', '1000', null, '0', '0', '2020-04-01 22:57:44', null, '2020-04-01 22:57:44', null);
INSERT INTO `tb_newbee_mall_goods_info` VALUES ('825', 'NOW FRESH 无谷老猫及减肥配方猫粮4磅1.81kg', '优质商品', '220', '/goods-img/shoppicpath11464688866_y.jpg', '/goods-img/shoppicpath11464688866_y.jpg', '商品介绍加载中...', '249', '249', '1000', null, '0', '0', '2020-04-01 22:57:44', null, '2020-04-01 22:57:44', null);
INSERT INTO `tb_newbee_mall_goods_info` VALUES ('826', 'NOW FRESH 无谷配方幼犬粮 6磅【保质期至2020年2月2日】', '优质商品', '220', '/goods-img/shoppicpath11540353161_y.jpg', '/goods-img/shoppicpath11540353161_y.jpg', '商品介绍加载中...', '259', '259', '1000', null, '0', '0', '2020-04-01 22:57:44', null, '2020-04-01 22:57:44', null);
INSERT INTO `tb_newbee_mall_goods_info` VALUES ('10003', '纽顿Nutram T28小型犬及玩赏犬鲑鱼鳟鱼配方全价犬粮 6kg', '优质商品', '20', '/goods-img/shoppicpath11539865123_y.jpg', '/goods-img/shoppicpath11539865123_y.jpg', '商品介绍加载中...', '525', '525', '1000', '', '0', '0', '2020-04-01 21:02:27', '0', '2020-04-01 21:02:27', null);
INSERT INTO `tb_newbee_mall_goods_info` VALUES ('10004', '纽顿Nutram T27无谷系列去骨鸡肉火鸡肉全期犬粮 6kg 加拿大进口', '优质商品', '20', '/goods-img/shoppicpath11540353212_y.jpg', '/goods-img/shoppicpath11540353212_y.jpg', '商品介绍加载中...', '525', '525', '1000', '', '0', '0', '2020-04-01 21:02:44', '0', '2020-04-01 21:02:44', null);
INSERT INTO `tb_newbee_mall_goods_info` VALUES ('10005', '巴西淘淘 力派系列小型犬幼犬粮 2kg 巴西进口狗粮', '优质商品', '20', '/goods-img/shoppicpath11540454924_y.jpg', '/goods-img/shoppicpath11540454924_y.jpg', '商品介绍加载中...', '188', '188', '1000', '', '0', '0', '2020-04-01 21:02:46', '0', '2020-04-01 21:02:46', null);
INSERT INTO `tb_newbee_mall_goods_info` VALUES ('10006', '纽顿Nutram S11低敏系列去骨鸡肉全蛋幼犬粮 6kg 加拿大进口', '优质商品', '20', '/goods-img/shoppicpath11540869908_y.jpg', '/goods-img/shoppicpath11540869908_y.jpg', '商品介绍加载中...', '470', '470', '1000', '', '0', '0', '2020-04-01 21:03:31', '0', '2020-04-01 21:03:31', null);
INSERT INTO `tb_newbee_mall_goods_info` VALUES ('10007', '纽顿Nutram S6低敏系列去骨鸡肉中大型成犬粮 11.4kg 加拿大进口', '优质商品', '20', '/goods-img/shoppicpath11540552018_y.jpg', '/goods-img/shoppicpath11540552018_y.jpg', '商品介绍加载中...', '710', '710', '1000', '', '0', '0', '2020-04-01 21:03:32', '0', '2020-04-01 21:03:32', null);
INSERT INTO `tb_newbee_mall_goods_info` VALUES ('10008', '纽顿Nutram S2低敏系列去骨鸡肉全蛋中大型幼犬粮 11.4kg 加拿大进口', '优质商品', '20', '/goods-img/shoppicpath11540548767_y.jpg', '/goods-img/shoppicpath11540548767_y.jpg', '商品介绍加载中...', '740', '740', '1000', '', '0', '0', '2020-04-01 21:03:33', '0', '2020-04-01 21:03:33', null);
INSERT INTO `tb_newbee_mall_goods_info` VALUES ('10009', '巴西淘淘 力派系列小型犬成犬粮 2kg 巴西进口狗粮', '优质商品', '20', '/goods-img/shoppicpath11540455046_y.jpg', '/goods-img/shoppicpath11540455046_y.jpg', '商品介绍加载中...', '178', '178', '1000', '', '0', '0', '2020-04-01 21:03:33', '0', '2020-04-01 21:03:33', null);
INSERT INTO `tb_newbee_mall_goods_info` VALUES ('10010', '纽顿Nutram T28无谷系列去骨鳟鱼三文鱼全犬粮 1.82kg 加拿大进口', '优质商品', '20', '/goods-img/shoppicpath11540541424_y.jpg', '/goods-img/shoppicpath11540541424_y.jpg', '商品介绍加载中...', '198', '198', '1000', '', '0', '0', '2020-04-01 21:03:34', '0', '2020-04-01 21:03:34', null);
INSERT INTO `tb_newbee_mall_goods_info` VALUES ('10011', '奥可丽Cacolly 鸡肉无谷成犬粮 1.81kg 加拿大原装进口【保质期2021年1月】', '优质商品', '20', '/goods-img/shoppicpath11540805651_y.jpg', '/goods-img/shoppicpath11540805651_y.jpg', '商品介绍加载中...', '189', '189', '1000', '', '0', '0', '2020-04-01 21:03:36', '0', '2020-04-01 21:03:36', null);
INSERT INTO `tb_newbee_mall_goods_info` VALUES ('10012', '纽顿Nutram S7低敏系列去骨鸡肉成犬粮 1.5kg 加拿大进口', '优质商品', '20', '/goods-img/shoppicpath11540549979_y.jpg', '/goods-img/shoppicpath11540549979_y.jpg', '商品介绍加载中...', '150', '150', '1000', '', '0', '0', '2020-04-01 21:03:37', '0', '2020-04-01 21:03:37', null);
INSERT INTO `tb_newbee_mall_goods_info` VALUES ('10013', '纽顿Nutram T27无谷系列去骨鸡肉火鸡肉全期犬粮 1.82kg 加拿大进口', '优质商品', '20', '/goods-img/shoppicpath11540541386_y.jpg', '/goods-img/shoppicpath11540541386_y.jpg', '商品介绍加载中...', '198', '198', '1000', '', '0', '0', '2020-04-01 21:03:38', '0', '2020-04-01 21:03:38', null);
INSERT INTO `tb_newbee_mall_goods_info` VALUES ('10014', '奥可丽Cacolly 鸡肉无谷幼犬粮 1.81kg 加拿大原装进口【保质期2021年1月】', '优质商品', '20', '/goods-img/shoppicpath11540804933_y.jpg', '/goods-img/shoppicpath11540804933_y.jpg', '商品介绍加载中...', '189', '189', '1000', '', '0', '0', '2020-04-01 21:03:39', '0', '2020-04-01 21:03:39', null);
INSERT INTO `tb_newbee_mall_goods_info` VALUES ('10015', '滋益巅峰Ziwi peak 风干牛肉犬粮 1kg 96%肉含量 新西兰进口', '优质商品', '20', '/goods-img/shoppicpath11544604196_y.jpg', '/goods-img/shoppicpath11544604196_y.jpg', '商品介绍加载中...', '360', '360', '1000', '', '0', '0', '2020-04-01 21:03:41', '0', '2020-04-01 21:03:41', null);
INSERT INTO `tb_newbee_mall_goods_info` VALUES ('10016', '纽顿Nutram S11低敏系列去骨鸡肉全蛋幼犬粮 1.5kg 加拿大进口', '优质商品', '20', '/goods-img/shoppicpath11555984879_y.jpg', '/goods-img/shoppicpath11555984879_y.jpg', '商品介绍加载中...', '155', '155', '1000', '', '0', '0', '2020-04-01 21:03:41', '0', '2020-04-01 21:03:41', null);
INSERT INTO `tb_newbee_mall_goods_info` VALUES ('10017', '渴望Orijen 六种鱼美毛专用配方全犬粮 6kg 加拿大进口', '优质商品', '20', '/goods-img/shoppicpath11517466536_y.jpg', '/goods-img/shoppicpath11517466536_y.jpg', '商品介绍加载中...', '675', '675', '1000', '', '0', '0', '2020-04-01 21:03:41', '0', '2020-04-01 21:03:41', null);
INSERT INTO `tb_newbee_mall_goods_info` VALUES ('10018', '渴望Orijen 无谷鸡肉成犬粮 6kg 加拿大进口', '优质商品', '20', '/goods-img/shoppicpath11517466495_y.jpg', '/goods-img/shoppicpath11517466495_y.jpg', '商品介绍加载中...', '600', '600', '1000', '', '0', '0', '2020-04-01 21:03:42', '0', '2020-04-01 21:03:42', null);
INSERT INTO `tb_newbee_mall_goods_info` VALUES ('10019', '巴西淘淘 力派系列中大型犬成犬粮 15kg 巴西进口狗粮', '优质商品', '20', '/goods-img/shoppicpath11566800239_y.jpg', '/goods-img/shoppicpath11566800239_y.jpg', '商品介绍加载中...', '796', '796', '1000', '', '0', '0', '2020-04-01 21:03:42', '0', '2020-04-01 21:03:42', null);
INSERT INTO `tb_newbee_mall_goods_info` VALUES ('10020', '滋益巅峰Ziwi peak 风干牛肉犬粮 454g 96%肉含量 新西兰进口', '优质商品', '20', '/goods-img/shoppicpath11577934857_y.jpg', '/goods-img/shoppicpath11577934857_y.jpg', '商品介绍加载中...', '199', '199', '1000', '', '0', '0', '2020-04-01 21:03:42', '0', '2020-04-01 21:03:42', null);
INSERT INTO `tb_newbee_mall_goods_info` VALUES ('10021', '滋益巅峰Ziwi peak 风干鸡肉犬粮 1kg 96%肉含量 新西兰进口', '优质商品', '20', '/goods-img/shoppicpath11544604668_y.jpg', '/goods-img/shoppicpath11544604668_y.jpg', '商品介绍加载中...', '360', '360', '1000', '', '0', '0', '2020-04-01 21:03:42', '0', '2020-04-01 21:03:42', null);
INSERT INTO `tb_newbee_mall_goods_info` VALUES ('10022', '渴望Orijen 六种鱼美毛专用配方全犬粮 2kg 加拿大进口', '优质商品', '20', '/goods-img/shoppicpath11517466610_y.jpg', '/goods-img/shoppicpath11517466610_y.jpg', '商品介绍加载中...', '290', '290', '1000', '', '0', '0', '2020-04-01 21:03:42', '0', '2020-04-01 21:03:42', null);
INSERT INTO `tb_newbee_mall_goods_info` VALUES ('10023', '法国皇家Royal Canin 泰迪贵宾专用成犬粮 3kg PD30', '优质商品', '21', '/goods-img/shoppicpath11561538563_y.jpg', '/goods-img/shoppicpath11561538563_y.jpg', '商品介绍加载中...', '217', '217', '1000', '', '0', '0', '2020-04-01 21:03:42', '0', '2020-04-01 21:03:42', null);
INSERT INTO `tb_newbee_mall_goods_info` VALUES ('10024', '法国皇家Royal Canin 小型犬幼犬离乳期奶糕粮 1kg', '优质商品', '21', '/goods-img/shoppicpath11568013471_y.jpg', '/goods-img/shoppicpath11568013471_y.jpg', '商品介绍加载中...', '80', '80', '1000', '', '0', '0', '2020-04-01 21:03:42', '0', '2020-04-01 21:03:42', null);
INSERT INTO `tb_newbee_mall_goods_info` VALUES ('10025', '法国皇家Royal Canin 小型成犬粮 2kg', '优质商品', '21', '/goods-img/shoppicpath11567952046_y.jpg', '/goods-img/shoppicpath11567952046_y.jpg', '商品介绍加载中...', '116', '116', '1000', '', '0', '0', '2020-04-01 21:03:42', '0', '2020-04-01 21:03:42', null);
INSERT INTO `tb_newbee_mall_goods_info` VALUES ('10026', '宝路Pedigree 牛肉肝蔬菜中小型成犬粮 1.8kg', '优质商品', '21', '/goods-img/shoppicpath11540809105_y.jpg', '/goods-img/shoppicpath11540809105_y.jpg', '商品介绍加载中...', '48', '48', '1000', '', '0', '0', '2020-04-01 21:03:42', '0', '2020-04-01 21:03:42', null);
INSERT INTO `tb_newbee_mall_goods_info` VALUES ('10027', '宝路Pedigree 牛肉蔬菜口味幼犬粮 1.3kg', '优质商品', '21', '/goods-img/shoppicpath11583823097_y.jpg', '/goods-img/shoppicpath11583823097_y.jpg', '商品介绍加载中...', '37', '37', '1000', '', '0', '0', '2020-04-01 21:03:42', '0', '2020-04-01 21:03:42', null);
INSERT INTO `tb_newbee_mall_goods_info` VALUES ('10028', '法国皇家Royal Canin A3优选全犬种幼犬粮 8kg', '优质商品', '21', '/goods-img/shoppicpath11567417979_y.jpg', '/goods-img/shoppicpath11567417979_y.jpg', '商品介绍加载中...', '217', '217', '1000', '', '0', '0', '2020-04-01 21:03:42', '0', '2020-04-01 21:03:42', null);
INSERT INTO `tb_newbee_mall_goods_info` VALUES ('10029', '法国皇家Royal Canin CC优选全犬种成犬粮 8kg', '优质商品', '21', '/goods-img/shoppicpath11567419396_y.jpg', '/goods-img/shoppicpath11567419396_y.jpg', '商品介绍加载中...', '200', '200', '1000', '', '0', '0', '2020-04-01 21:03:42', '0', '2020-04-01 21:03:42', null);
INSERT INTO `tb_newbee_mall_goods_info` VALUES ('10030', '法国皇家Royal Canin 小型犬幼犬粮 2kg', '优质商品', '21', '/goods-img/shoppicpath11568012931_y.jpg', '/goods-img/shoppicpath11568012931_y.jpg', '商品介绍加载中...', '122', '122', '1000', '', '0', '0', '2020-04-01 21:03:42', '0', '2020-04-01 21:03:42', null);
INSERT INTO `tb_newbee_mall_goods_info` VALUES ('10031', '法国皇家Royal Canin 小型犬离乳期奶糕粮 3kg', '优质商品', '21', '/goods-img/shoppicpath11568013747_y.jpg', '/goods-img/shoppicpath11568013747_y.jpg', '商品介绍加载中...', '215', '215', '1000', '', '0', '0', '2020-04-01 21:03:42', '0', '2020-04-01 21:03:42', null);
INSERT INTO `tb_newbee_mall_goods_info` VALUES ('10032', '伯纳天纯 鸡肉樱桃 小型犬成犬粮 1.5kg', '优质商品', '21', '/goods-img/shoppicpath11552547459_y.jpg', '/goods-img/shoppicpath11552547459_y.jpg', '商品介绍加载中...', '89', '89', '1000', '', '0', '0', '2020-04-01 21:03:42', '0', '2020-04-01 21:03:42', null);
INSERT INTO `tb_newbee_mall_goods_info` VALUES ('10033', '怡亲Yoken 小型犬成犬粮 2.5kg', '优质商品', '21', '/goods-img/shoppicpath11520328426_y.jpg', '/goods-img/shoppicpath11520328426_y.jpg', '商品介绍加载中...', '66', '66', '1000', '', '0', '0', '2020-04-01 21:03:42', '0', '2020-04-01 21:03:42', null);
INSERT INTO `tb_newbee_mall_goods_info` VALUES ('10034', '康多乐 成犬粮牛肉肝蔬菜狗粮 15kg', '优质商品', '21', '/goods-img/shoppicpath11540550772_y.jpg', '/goods-img/shoppicpath11540550772_y.jpg', '商品介绍加载中...', '289', '289', '1000', '', '0', '0', '2020-04-01 21:03:42', '0', '2020-04-01 21:03:42', null);
INSERT INTO `tb_newbee_mall_goods_info` VALUES ('10035', '比瑞吉 小型成犬粮 1.5kg', '优质商品', '21', '/goods-img/shoppicpath11540551947_y.jpg', '/goods-img/shoppicpath11540551947_y.jpg', '商品介绍加载中...', '99', '99', '1000', '', '0', '0', '2020-04-01 21:03:42', '0', '2020-04-01 21:03:42', null);
INSERT INTO `tb_newbee_mall_goods_info` VALUES ('10036', '法国皇家Royal Canin 小型成犬粮 8kg', '优质商品', '21', '/goods-img/shoppicpath11568012436_y.jpg', '/goods-img/shoppicpath11568012436_y.jpg', '商品介绍加载中...', '379', '379', '1000', '', '0', '0', '2020-04-01 21:03:42', '0', '2020-04-01 21:03:42', null);
INSERT INTO `tb_newbee_mall_goods_info` VALUES ('10037', '宝路Pedigree 牛肉蔬菜口味大龄犬犬粮 1.8kg', '优质商品', '21', '/goods-img/shoppicpath11583823345_y.jpg', '/goods-img/shoppicpath11583823345_y.jpg', '商品介绍加载中...', '49', '49', '1000', '', '0', '0', '2020-04-01 21:03:43', '0', '2020-04-01 21:03:43', null);
INSERT INTO `tb_newbee_mall_goods_info` VALUES ('10038', '法国皇家Royal Canin 泰迪贵宾幼犬粮 3kg APd33', '优质商品', '21', '/goods-img/shoppicpath11561539902_y.jpg', '/goods-img/shoppicpath11561539902_y.jpg', '商品介绍加载中...', '253', '253', '1000', '', '0', '0', '2020-04-01 21:03:43', '0', '2020-04-01 21:03:43', null);
INSERT INTO `tb_newbee_mall_goods_info` VALUES ('10039', '法国皇家Royal Canin 大型犬成犬粮 15kg', '优质商品', '21', '/goods-img/shoppicpath11567949463_y.jpg', '/goods-img/shoppicpath11567949463_y.jpg', '商品介绍加载中...', '542', '542', '1000', '', '0', '0', '2020-04-01 21:03:43', '0', '2020-04-01 21:03:43', null);
INSERT INTO `tb_newbee_mall_goods_info` VALUES ('10040', '比瑞吉 俱乐部全犬种成犬粮 10kg', '优质商品', '21', '/goods-img/shoppicpath11540470029_y.jpg', '/goods-img/shoppicpath11540470029_y.jpg', '商品介绍加载中...', '269', '269', '1000', '', '0', '0', '2020-04-01 21:03:43', '0', '2020-04-01 21:03:43', null);
INSERT INTO `tb_newbee_mall_goods_info` VALUES ('10041', '宝路Pedigree鸡肉蔬菜口味中小型犬成犬粮 1.8kg', '优质商品', '21', '/goods-img/shoppicpath11583822857_y.jpg', '/goods-img/shoppicpath11583822857_y.jpg', '商品介绍加载中...', '48', '48', '1000', '', '0', '0', '2020-04-01 21:03:43', '0', '2020-04-01 21:03:43', null);
INSERT INTO `tb_newbee_mall_goods_info` VALUES ('10042', '法国皇家Royal Canin 泰迪贵宾成犬粮 500g PD30', '优质商品', '21', '/goods-img/shoppicpath11561542569_y.jpg', '/goods-img/shoppicpath11561542569_y.jpg', '商品介绍加载中...', '37', '37', '1000', '', '0', '0', '2020-04-01 21:03:43', '0', '2020-04-01 21:03:43', null);
INSERT INTO `tb_newbee_mall_goods_info` VALUES ('10043', '法国皇家 成犬皮肤处方粮 2kg 皮肤损伤感染适用', '优质商品', '22', '/goods-img/shoppicpath11574824366_y.jpg', '/goods-img/shoppicpath11574824366_y.jpg', '商品介绍加载中...', '222', '222', '1000', '', '0', '0', '2020-04-01 21:03:43', '0', '2020-04-01 21:03:43', null);
INSERT INTO `tb_newbee_mall_goods_info` VALUES ('10044', '法国皇家 成犬泌尿道处方粮 2kg lp18 稀释尿液 减少结石形成', '优质商品', '22', '/goods-img/shoppicpath11574824643_y.jpg', '/goods-img/shoppicpath11574824643_y.jpg', '商品介绍加载中...', '227', '227', '1000', '', '0', '0', '2020-04-01 21:03:43', '0', '2020-04-01 21:03:43', null);
INSERT INTO `tb_newbee_mall_goods_info` VALUES ('10045', '法国皇家 成犬骨关节处犬粮 1.5kg 维持关节灵活性', '优质商品', '22', '/goods-img/shoppicpath11574824874_y.jpg', '/goods-img/shoppicpath11574824874_y.jpg', '商品介绍加载中...', '170', '170', '1000', '', '0', '0', '2020-04-01 21:03:43', '0', '2020-04-01 21:03:43', null);
INSERT INTO `tb_newbee_mall_goods_info` VALUES ('10046', '法国皇家 成犬低过敏性处方粮 2kg 拒绝食物过敏', '优质商品', '22', '/goods-img/shoppicpath11574825229_y.jpg', '/goods-img/shoppicpath11574825229_y.jpg', '商品介绍加载中...', '252', '252', '1000', '', '0', '0', '2020-04-01 21:03:43', '0', '2020-04-01 21:03:43', null);
INSERT INTO `tb_newbee_mall_goods_info` VALUES ('10047', '法国皇家 小型犬成犬绝育处方粮 1.5kg 绝育手术后适用', '优质商品', '22', '/goods-img/shoppicpath11574825575_y.jpg', '/goods-img/shoppicpath11574825575_y.jpg', '商品介绍加载中...', '124', '124', '1000', '', '0', '0', '2020-04-01 21:03:43', '0', '2020-04-01 21:03:43', null);
INSERT INTO `tb_newbee_mall_goods_info` VALUES ('10048', '法国皇家 成犬减肥处方粮 1.5kg 高纤维高蛋白 拒绝肥胖', '优质商品', '22', '/goods-img/shoppicpath11574826125_y.jpg', '/goods-img/shoppicpath11574826125_y.jpg', '商品介绍加载中...', '195', '195', '1000', '', '0', '0', '2020-04-01 21:03:43', '0', '2020-04-01 21:03:43', null);
INSERT INTO `tb_newbee_mall_goods_info` VALUES ('10049', '法国皇家 成犬肝脏处方粮 1.5kg HF16 肝脏疾病适用', '优质商品', '22', '/goods-img/shoppicpath11574826936_y.jpg', '/goods-img/shoppicpath11574826936_y.jpg', '商品介绍加载中...', '174', '174', '1000', '', '0', '0', '2020-04-01 21:03:44', '0', '2020-04-01 21:03:44', null);
INSERT INTO `tb_newbee_mall_goods_info` VALUES ('10050', '法国皇家 成犬早期心脏病处方粮 2kg ec26 肾脏疾病适用', '优质商品', '22', '/goods-img/shoppicpath11574824079_y.jpg', '/goods-img/shoppicpath11574824079_y.jpg', '商品介绍加载中...', '227', '227', '1000', '', '0', '0', '2020-04-01 21:03:44', '0', '2020-04-01 21:03:44', null);
INSERT INTO `tb_newbee_mall_goods_info` VALUES ('10051', '法国皇家 成犬减肥处方粮 6kg 高纤维高蛋白 拒绝肥胖', '优质商品', '22', '/goods-img/shoppicpath11574826594_y.jpg', '/goods-img/shoppicpath11574826594_y.jpg', '商品介绍加载中...', '538', '538', '1000', '', '0', '0', '2020-04-01 21:03:44', '0', '2020-04-01 21:03:44', null);
INSERT INTO `tb_newbee_mall_goods_info` VALUES ('10052', '法国皇家 成犬低脂易消化肠道处方粮1.5kg  LF22', '优质商品', '22', '/goods-img/shoppicpath11574755111_y.jpg', '/goods-img/shoppicpath11574755111_y.jpg', '商品介绍加载中...', '174', '174', '1000', '', '0', '0', '2020-04-01 21:03:44', '0', '2020-04-01 21:03:44', null);
INSERT INTO `tb_newbee_mall_goods_info` VALUES ('10053', '法国皇家 成犬骨关节处方粮 7kg 维持关节灵活', '优质商品', '22', '/goods-img/shoppicpath11574757937_y.jpg', '/goods-img/shoppicpath11574757937_y.jpg', '商品介绍加载中...', '541', '541', '1000', '', '0', '0', '2020-04-01 21:03:44', '0', '2020-04-01 21:03:44', null);
INSERT INTO `tb_newbee_mall_goods_info` VALUES ('10054', '法国皇家 成犬泌尿道处方狗粮 8kg  稀释尿液 减少结石形成', '优质商品', '22', '/goods-img/shoppicpath11574761647_y.jpg', '/goods-img/shoppicpath11574761647_y.jpg', '商品介绍加载中...', '642', '642', '1000', '', '0', '0', '2020-04-01 21:03:44', '0', '2020-04-01 21:03:44', null);
INSERT INTO `tb_newbee_mall_goods_info` VALUES ('10055', '法国皇家 成犬低敏性处方狗粮8kg 改善食物过敏', '优质商品', '22', '/goods-img/shoppicpath11574820641_y.jpg', '/goods-img/shoppicpath11574820641_y.jpg', '商品介绍加载中...', '704', '704', '1000', '', '0', '0', '2020-04-01 21:03:44', '0', '2020-04-01 21:03:44', null);
INSERT INTO `tb_newbee_mall_goods_info` VALUES ('10056', '法国皇家 全犬低脂易消化处方狗粮 6kg 肠胃疾病适用', '优质商品', '22', '/goods-img/shoppicpath11574759665_y.jpg', '/goods-img/shoppicpath11574759665_y.jpg', '商品介绍加载中...', '560', '560', '1000', '', '0', '0', '2020-04-01 21:03:44', '0', '2020-04-01 21:03:44', null);
INSERT INTO `tb_newbee_mall_goods_info` VALUES ('10057', '法国皇家 幼犬肠道处方狗粮 1.5kg 胃肠道紊乱适用', '优质商品', '22', '/goods-img/shoppicpath11574760666_y.jpg', '/goods-img/shoppicpath11574760666_y.jpg', '商品介绍加载中...', '208', '208', '1000', '', '0', '0', '2020-04-01 21:03:44', '0', '2020-04-01 21:03:44', null);
INSERT INTO `tb_newbee_mall_goods_info` VALUES ('10058', '法国皇家 成犬皮肤处方狗粮 8kg 皮肤疾病适用', '优质商品', '22', '/goods-img/shoppicpath11574758842_y.jpg', '/goods-img/shoppicpath11574758842_y.jpg', '商品介绍加载中...', '658', '658', '1000', '', '0', '0', '2020-04-01 21:03:44', '0', '2020-04-01 21:03:44', null);
INSERT INTO `tb_newbee_mall_goods_info` VALUES ('10059', '法国皇家 成犬糖尿病处方狗粮1.5kg 调节血糖', '优质商品', '22', '/goods-img/shoppicpath11574759160_y.jpg', '/goods-img/shoppicpath11574759160_y.jpg', '商品介绍加载中...', '191', '191', '1000', '', '0', '0', '2020-04-01 21:03:45', '0', '2020-04-01 21:03:45', null);
INSERT INTO `tb_newbee_mall_goods_info` VALUES ('10060', '法国皇家 犬高纤易消化处方狗粮 2kg 胃肠道紊乱适用', '优质商品', '22', '/goods-img/shoppicpath11574760021_y.jpg', '/goods-img/shoppicpath11574760021_y.jpg', '商品介绍加载中...', '218', '218', '1000', '', '0', '0', '2020-04-01 21:03:45', '0', '2020-04-01 21:03:45', null);
INSERT INTO `tb_newbee_mall_goods_info` VALUES ('10061', '法国皇家 小型犬成犬皮肤处方 2kg 皮肤疾病适用', '优质商品', '22', '/goods-img/shoppicpath11574823818_y.jpg', '/goods-img/shoppicpath11574823818_y.jpg', '商品介绍加载中...', '226', '226', '1000', '', '0', '0', '2020-04-01 21:03:45', '0', '2020-04-01 21:03:45', null);
INSERT INTO `tb_newbee_mall_goods_info` VALUES ('10062', '法国皇家 全犬肾脏处方狗粮 2kg 慢性肾脏疾病适用', '优质商品', '22', '/goods-img/shoppicpath11574758222_y.jpg', '/goods-img/shoppicpath11574758222_y.jpg', '商品介绍加载中...', '227', '227', '1000', '', '0', '0', '2020-04-01 21:03:45', '0', '2020-04-01 21:03:45', null);
INSERT INTO `tb_newbee_mall_goods_info` VALUES ('10063', '魔咖Mocare 鸭肉梨有机冻干无谷狗粮小型犬全犬粮 1.4kg', '优质商品', '23', '/goods-img/shoppicpath11526382651_y.jpg', '/goods-img/shoppicpath11526382651_y.jpg', '商品介绍加载中...', '137', '137', '1000', '', '0', '0', '2020-04-01 21:03:45', '0', '2020-04-01 21:03:45', null);
INSERT INTO `tb_newbee_mall_goods_info` VALUES ('10064', '魔咖Mocare 羊肉山药有机冻干无谷狗粮小型犬全犬粮 1.4kg', '优质商品', '23', '/goods-img/shoppicpath11526382581_y.jpg', '/goods-img/shoppicpath11526382581_y.jpg', '商品介绍加载中...', '137', '137', '1000', '', '0', '0', '2020-04-01 21:03:45', '0', '2020-04-01 21:03:45', null);
INSERT INTO `tb_newbee_mall_goods_info` VALUES ('10065', '新西兰K9 Natural 冻干无谷牛肉狗粮 500g 90%肉含量', '优质商品', '23', '/goods-img/shoppicpath11562817308_y.jpg', '/goods-img/shoppicpath11562817308_y.jpg', '商品介绍加载中...', '318', '318', '1000', '', '0', '0', '2020-04-01 21:03:45', '0', '2020-04-01 21:03:45', null);
INSERT INTO `tb_newbee_mall_goods_info` VALUES ('10066', '魔咖Mocare 鸭肉梨有机冻干无谷狗粮小型犬粮 10kg', '优质商品', '23', '/goods-img/shoppicpath11526438867_y.jpg', '/goods-img/shoppicpath11526438867_y.jpg', '商品介绍加载中...', '825', '825', '1000', '', '0', '0', '2020-04-01 21:03:45', '0', '2020-04-01 21:03:45', null);
INSERT INTO `tb_newbee_mall_goods_info` VALUES ('10067', '魔咖Mocare  鸭肉梨有机冻干无谷狗粮中大型犬粮10 kg', '优质商品', '23', '/goods-img/shoppicpath11526439223_y.jpg', '/goods-img/shoppicpath11526439223_y.jpg', '商品介绍加载中...', '825', '825', '1000', '', '0', '0', '2020-04-01 21:03:45', '0', '2020-04-01 21:03:45', null);
INSERT INTO `tb_newbee_mall_goods_info` VALUES ('10068', '新西兰K9 Natural 冻干无谷羊肉狗粮 500g 90%肉含量', '优质商品', '23', '/goods-img/shoppicpath11517468233_y.jpg', '/goods-img/shoppicpath11517468233_y.jpg', '商品介绍加载中...', '318', '318', '1000', '', '0', '0', '2020-04-01 21:03:45', '0', '2020-04-01 21:03:45', null);
INSERT INTO `tb_newbee_mall_goods_info` VALUES ('10069', 'Woof 野生负鼠冻干狗粮 320g 90%肉含量 新西兰进口', '优质商品', '23', '/goods-img/shoppicpath11564036276_y.jpg', '/goods-img/shoppicpath11564036276_y.jpg', '商品介绍加载中...', '290', '290', '1000', '', '0', '0', '2020-04-01 21:03:45', '0', '2020-04-01 21:03:45', null);
INSERT INTO `tb_newbee_mall_goods_info` VALUES ('10070', 'Woof 野生鹿肉冻干狗粮 280g 90%肉含量 新西兰进口', '优质商品', '23', '/goods-img/shoppicpath11564033787_y.jpg', '/goods-img/shoppicpath11564033787_y.jpg', '商品介绍加载中...', '290', '290', '1000', '', '0', '0', '2020-04-01 21:03:45', '0', '2020-04-01 21:03:45', null);
INSERT INTO `tb_newbee_mall_goods_info` VALUES ('10071', 'Woof 野生鹿肉冻干狗粮 50g 90%肉含量 新西兰进口', '优质商品', '23', '/goods-img/shoppicpath11564026811_y.jpg', '/goods-img/shoppicpath11564026811_y.jpg', '商品介绍加载中...', '65', '65', '1000', '', '0', '0', '2020-04-01 21:03:45', '0', '2020-04-01 21:03:45', null);
INSERT INTO `tb_newbee_mall_goods_info` VALUES ('10072', 'Woof  野生负鼠冻干狗粮 50g 90%肉含量 新西兰进口', '优质商品', '23', '/goods-img/shoppicpath11564026519_y.jpg', '/goods-img/shoppicpath11564026519_y.jpg', '商品介绍加载中...', '65', '65', '1000', '', '0', '0', '2020-04-01 21:03:45', '0', '2020-04-01 21:03:45', null);
INSERT INTO `tb_newbee_mall_goods_info` VALUES ('10073', 'Woof 羊肉冻干狗粮 50g 90%肉含量 新西兰进口', '优质商品', '23', '/goods-img/shoppicpath11564025892_y.jpg', '/goods-img/shoppicpath11564025892_y.jpg', '商品介绍加载中...', '65', '65', '1000', '', '0', '0', '2020-04-01 21:03:45', '0', '2020-04-01 21:03:45', null);
INSERT INTO `tb_newbee_mall_goods_info` VALUES ('10074', 'Woof 鸡肉冻干狗粮 320g 90%肉含量 新西兰进口', '优质商品', '23', '/goods-img/shoppicpath11564033086_y.jpg', '/goods-img/shoppicpath11564033086_y.jpg', '商品介绍加载中...', '290', '290', '1000', '', '0', '0', '2020-04-01 21:03:45', '0', '2020-04-01 21:03:45', null);
INSERT INTO `tb_newbee_mall_goods_info` VALUES ('10075', 'Woof 鸭肉冻干狗粮 50g 90%肉含量 新西兰进口', '优质商品', '23', '/goods-img/shoppicpath11564035201_y.jpg', '/goods-img/shoppicpath11564035201_y.jpg', '商品介绍加载中...', '65', '65', '1000', '', '0', '0', '2020-04-01 21:03:45', '0', '2020-04-01 21:03:45', null);
INSERT INTO `tb_newbee_mall_goods_info` VALUES ('10076', 'Woof 牛肉冻干狗粮 50g 90%肉含量 新西兰进口', '优质商品', '23', '/goods-img/shoppicpath11564025536_y.jpg', '/goods-img/shoppicpath11564025536_y.jpg', '商品介绍加载中...', '65', '65', '1000', '', '0', '0', '2020-04-01 21:03:45', '0', '2020-04-01 21:03:45', null);
INSERT INTO `tb_newbee_mall_goods_info` VALUES ('10077', 'Woof 羊肉冻干狗粮 320g 90%肉含量 新西兰进口', '优质商品', '23', '/goods-img/shoppicpath11564035249_y.jpg', '/goods-img/shoppicpath11564035249_y.jpg', '商品介绍加载中...', '290', '290', '1000', '', '0', '0', '2020-04-01 21:03:45', '0', '2020-04-01 21:03:45', null);
INSERT INTO `tb_newbee_mall_goods_info` VALUES ('10078', 'Woof 鸡肉冻干狗粮 50g 90%肉含量 新西兰进口', '优质商品', '23', '/goods-img/shoppicpath11564024733_y.jpg', '/goods-img/shoppicpath11564024733_y.jpg', '商品介绍加载中...', '65', '65', '1000', '', '0', '0', '2020-04-01 21:03:45', '0', '2020-04-01 21:03:45', null);
INSERT INTO `tb_newbee_mall_goods_info` VALUES ('10079', 'Woof 牛肉冻干狗粮 280g 90%肉含量 新西兰进口', '优质商品', '23', '/goods-img/shoppicpath11564033355_y.jpg', '/goods-img/shoppicpath11564033355_y.jpg', '商品介绍加载中...', '290', '290', '1000', '', '0', '0', '2020-04-01 21:03:46', '0', '2020-04-01 21:03:46', null);
INSERT INTO `tb_newbee_mall_goods_info` VALUES ('10080', '魔咖Mocare 鸭肉梨有机冻干无谷狗粮中大型犬粮 1.4kg', '优质商品', '23', '/goods-img/shoppicpath11526382768_y.jpg', '/goods-img/shoppicpath11526382768_y.jpg', '商品介绍加载中...', '137', '137', '1000', '', '0', '0', '2020-04-01 21:03:46', '0', '2020-04-01 21:03:46', null);
INSERT INTO `tb_newbee_mall_goods_info` VALUES ('10081', '魔咖Mocare 羊肉山药有机冻干无谷狗粮中大型犬粮 1.4kg', '优质商品', '23', '/goods-img/shoppicpath11526382914_y.jpg', '/goods-img/shoppicpath11526382914_y.jpg', '商品介绍加载中...', '137', '137', '1000', '', '0', '0', '2020-04-01 21:03:46', '0', '2020-04-01 21:03:46', null);
INSERT INTO `tb_newbee_mall_goods_info` VALUES ('10082', '魔咖Mocare 羊肉山药有机冻干小型无谷狗粮 10kg', '优质商品', '23', '/goods-img/shoppicpath11526439061_y.jpg', '/goods-img/shoppicpath11526439061_y.jpg', '商品介绍加载中...', '825', '825', '1000', '', '0', '0', '2020-04-01 21:03:46', '0', '2020-04-01 21:03:46', null);
INSERT INTO `tb_newbee_mall_goods_info` VALUES ('10083', '卫仕 配方卵磷脂颗粒 犬用 500g 开瓶需冷藏', '优质商品', '32', '/goods-img/shoppicpath11551088989_y.jpg', '/goods-img/shoppicpath11551088989_y.jpg', '商品介绍加载中...', '125', '125', '1000', '', '0', '0', '2020-04-01 21:03:46', '0', '2020-04-01 21:03:46', null);
INSERT INTO `tb_newbee_mall_goods_info` VALUES ('10084', '麦德氏inplus 犬用蓝标超浓缩卵磷脂培根味 680g 李佳琦爱犬同款 美毛护肤爆毛', '优质商品', '32', '/goods-img/shoppicpath11539865926_y.jpg', '/goods-img/shoppicpath11539865926_y.jpg', '商品介绍加载中...', '138', '138', '1000', '', '0', '0', '2020-04-01 21:03:46', '0', '2020-04-01 21:03:46', null);
INSERT INTO `tb_newbee_mall_goods_info` VALUES ('10085', '麦德氏Inplus 犬猫用卵磷脂尝鲜罐 80g  深层滋养毛发', '优质商品', '32', '/goods-img/shoppicpath11564477157_y.jpg', '/goods-img/shoppicpath11564477157_y.jpg', '商品介绍加载中...', '38', '38', '1000', '', '0', '0', '2020-04-01 21:03:46', '0', '2020-04-01 21:03:46', null);
INSERT INTO `tb_newbee_mall_goods_info` VALUES ('10086', '维斯康 天然植素浓缩蛋黄磷脂颗粒 600g 犬猫通用 美毛亮毛', '优质商品', '32', '/goods-img/shoppicpath11539746160_y.jpg', '/goods-img/shoppicpath11539746160_y.jpg', '商品介绍加载中...', '145', '145', '1000', '', '0', '0', '2020-04-01 21:03:46', '0', '2020-04-01 21:03:46', null);
INSERT INTO `tb_newbee_mall_goods_info` VALUES ('10087', '麦德氏inplus 犬用蓝标卵磷脂美毛保健品 3061g  李佳琦爱犬同款 浓密毛发', '优质商品', '32', '/goods-img/shoppicpath11564477655_y.jpg', '/goods-img/shoppicpath11564477655_y.jpg', '商品介绍加载中...', '400', '400', '1000', '', '0', '0', '2020-04-01 21:03:46', '0', '2020-04-01 21:03:46', null);
INSERT INTO `tb_newbee_mall_goods_info` VALUES ('10088', '先牧仕Piomos 狗用瓶装冰岛三文鱼油 250ml 美毛防脱毛', '优质商品', '32', '/goods-img/shoppicpath11539308724_y.jpg', '/goods-img/shoppicpath11539308724_y.jpg', '商品介绍加载中...', '158', '158', '1000', '', '0', '0', '2020-04-01 21:03:46', '0', '2020-04-01 21:03:46', null);
INSERT INTO `tb_newbee_mall_goods_info` VALUES ('10089', '麦德氏inplus 犬用超浓缩卵磷脂美毛保健品 300g 李佳琦爱犬同款 浓密毛发', '优质商品', '32', '/goods-img/shoppicpath11540869239_y.jpg', '/goods-img/shoppicpath11540869239_y.jpg', '商品介绍加载中...', '76', '76', '1000', '', '0', '0', '2020-04-01 21:03:46', '0', '2020-04-01 21:03:46', null);
INSERT INTO `tb_newbee_mall_goods_info` VALUES ('10090', '维斯康 犬猫用冰岛有机海藻颗粒 300g 生毛发固色黑亮鼻头促进伤口愈合', '优质商品', '32', '/goods-img/shoppicpath11540869190_y.jpg', '/goods-img/shoppicpath11540869190_y.jpg', '商品介绍加载中...', '98', '98', '1000', '', '0', '0', '2020-04-01 21:03:46', '0', '2020-04-01 21:03:46', null);
INSERT INTO `tb_newbee_mall_goods_info` VALUES ('10091', 'MAG 犬用配方海藻美毛粉 400g 提亮黑鼻头保护皮肤', '优质商品', '32', '/goods-img/shoppicpath11551765541_y.jpg', '/goods-img/shoppicpath11551765541_y.jpg', '商品介绍加载中...', '98', '98', '1000', '', '0', '0', '2020-04-01 21:03:46', '0', '2020-04-01 21:03:46', null);
INSERT INTO `tb_newbee_mall_goods_info` VALUES ('10092', '维斯康 猫狗天然植素蛋黄卵磷脂颗粒 300g 亮泽被毛', '优质商品', '32', '/goods-img/shoppicpath11540869215_y.jpg', '/goods-img/shoppicpath11540869215_y.jpg', '商品介绍加载中...', '88', '88', '1000', '', '0', '0', '2020-04-01 21:03:46', '0', '2020-04-01 21:03:46', null);
INSERT INTO `tb_newbee_mall_goods_info` VALUES ('10093', 'MAG 犬用超浓缩冰岛三文鱼油 300ml Ω-3含量≥36% 美毛亮毛', '优质商品', '32', '/goods-img/shoppicpath11552032525_y.jpg', '/goods-img/shoppicpath11552032525_y.jpg', '商品介绍加载中...', '168', '168', '1000', '', '0', '0', '2020-04-01 21:03:46', '0', '2020-04-01 21:03:46', null);
INSERT INTO `tb_newbee_mall_goods_info` VALUES ('10094', 'MAG 贵宾泰迪专用天然虾红素 60片  美毛增色 增强免疫力', '优质商品', '32', '/goods-img/shoppicpath11528957541_y.jpg', '/goods-img/shoppicpath11528957541_y.jpg', '商品介绍加载中...', '98', '98', '1000', '', '0', '0', '2020-04-01 21:03:46', '0', '2020-04-01 21:03:46', null);
INSERT INTO `tb_newbee_mall_goods_info` VALUES ('10095', '新宠之康 出口型宠物美毛海藻粉 454g 增色美毛提高免疫力', '优质商品', '32', '/goods-img/shoppicpath11539745037_y.jpg', '/goods-img/shoppicpath11539745037_y.jpg', '商品介绍加载中...', '38', '38', '1000', '', '0', '0', '2020-04-01 21:03:46', '0', '2020-04-01 21:03:46', null);
INSERT INTO `tb_newbee_mall_goods_info` VALUES ('10096', '雷米高  犬猫用复合维生素B养肤片 120片/瓶 减少皮肤问题 美毛亮毛', '优质商品', '32', '/goods-img/shoppicpath11533894497_y.jpg', '/goods-img/shoppicpath11533894497_y.jpg', '商品介绍加载中...', '48', '48', '1000', '', '0', '0', '2020-04-01 21:03:46', '0', '2020-04-01 21:03:46', null);
INSERT INTO `tb_newbee_mall_goods_info` VALUES ('10097', '绝魅 犬用鱼油美毛护肤 瓶装60粒', '优质商品', '32', '/goods-img/shoppicpath11547434303_y.jpg', '/goods-img/shoppicpath11547434303_y.jpg', '商品介绍加载中...', '98', '98', '1000', '', '0', '0', '2020-04-01 21:03:46', '0', '2020-04-01 21:03:46', null);
INSERT INTO `tb_newbee_mall_goods_info` VALUES ('10098', '维斯康VitsCan 猫狗通用冰岛有机海藻颗粒600g 美毛固色', '优质商品', '32', '/goods-img/shoppicpath11540869167_y.jpg', '/goods-img/shoppicpath11540869167_y.jpg', '商品介绍加载中...', '155', '155', '1000', '', '0', '0', '2020-04-01 21:03:47', '0', '2020-04-01 21:03:47', null);
INSERT INTO `tb_newbee_mall_goods_info` VALUES ('10099', '绝魅 犬用鱼油美毛护肤 瓶装120粒', '优质商品', '32', '/goods-img/shoppicpath11547434642_y.jpg', '/goods-img/shoppicpath11547434642_y.jpg', '商品介绍加载中...', '168', '168', '1000', '', '0', '0', '2020-04-01 21:03:47', '0', '2020-04-01 21:03:47', null);
INSERT INTO `tb_newbee_mall_goods_info` VALUES ('10100', 'MAG 犬用蓝莓精华素 400g 明眸亮眼 美毛靓肤', '优质商品', '32', '/goods-img/shoppicpath11540869143_y.jpg', '/goods-img/shoppicpath11540869143_y.jpg', '商品介绍加载中...', '128', '128', '1000', '', '0', '0', '2020-04-01 21:03:47', '0', '2020-04-01 21:03:47', null);
INSERT INTO `tb_newbee_mall_goods_info` VALUES ('10101', '盖夫 狗用卵磷脂300g 蛋黄卵磷脂含量73% 护肤美毛', '优质商品', '32', '/goods-img/shoppicpath11557394904_y.jpg', '/goods-img/shoppicpath11557394904_y.jpg', '商品介绍加载中...', '88', '88', '1000', '', '0', '0', '2020-04-01 21:03:47', '0', '2020-04-01 21:03:47', null);
INSERT INTO `tb_newbee_mall_goods_info` VALUES ('10102', 'MAG 犬用卵磷脂鱼油颗粒 450g 保护心脑滋养皮毛', '优质商品', '32', '/goods-img/shoppicpath11540889785_y.jpg', '/goods-img/shoppicpath11540889785_y.jpg', '商品介绍加载中...', '98', '98', '1000', '', '0', '0', '2020-04-01 21:03:47', '0', '2020-04-01 21:03:47', null);
INSERT INTO `tb_newbee_mall_goods_info` VALUES ('10103', '怡亲Yoken 猫狗通用浓缩钙片 0.5g*160片 促进骨骼发育', '优质商品', '33', '/goods-img/shoppicpath11545199103_y.jpg', '/goods-img/shoppicpath11545199103_y.jpg', '商品介绍加载中...', '24', '24', '1000', '', '0', '0', '2020-04-01 21:03:47', '0', '2020-04-01 21:03:47', null);
INSERT INTO `tb_newbee_mall_goods_info` VALUES ('10104', '谷登 犬用高钙片200片  强健骨骼', '优质商品', '33', '/goods-img/shoppicpath11555296915_y.jpg', '/goods-img/shoppicpath11555296915_y.jpg', '商品介绍加载中...', '42', '42', '999', '', '0', '0', '2020-04-01 21:03:47', '0', '2020-04-01 21:03:47', null);
INSERT INTO `tb_newbee_mall_goods_info` VALUES ('10105', 'MAG 犬猫用关节生黄金版60片 修复骨折 补充钙质', '优质商品', '33', '/goods-img/shoppicpath11551766070_y.jpg', '/goods-img/shoppicpath11551766070_y.jpg', '商品介绍加载中...', '88', '88', '1000', '', '0', '0', '2020-04-01 21:03:47', '0', '2020-04-01 21:03:47', null);
INSERT INTO `tb_newbee_mall_goods_info` VALUES ('10106', '维斯康 犬猫折耳猫可用鲨鱼软骨素关节颗粒 300g 强骨保护关节', '优质商品', '33', '/goods-img/shoppicpath11540867619_y.jpg', '/goods-img/shoppicpath11540867619_y.jpg', '商品介绍加载中...', '98', '98', '1000', '', '0', '0', '2020-04-01 21:03:47', '0', '2020-04-01 21:03:47', null);
INSERT INTO `tb_newbee_mall_goods_info` VALUES ('10107', '谷登 狗狗谷登高钙片400片 三钙合一 易吸收', '优质商品', '33', '/goods-img/shoppicpath11542017061_y.jpg', '/goods-img/shoppicpath11542017061_y.jpg', '商品介绍加载中...', '79', '79', '1000', '', '0', '0', '2020-04-01 21:03:47', '0', '2020-04-01 21:03:47', null);
INSERT INTO `tb_newbee_mall_goods_info` VALUES ('10108', '维斯康 犬猫用补钙膏120.5g 补钙健骨', '优质商品', '33', '/goods-img/shoppicpath11540867734_y.jpg', '/goods-img/shoppicpath11540867734_y.jpg', '商品介绍加载中...', '65', '65', '1000', '', '0', '0', '2020-04-01 21:03:47', '0', '2020-04-01 21:03:47', null);
INSERT INTO `tb_newbee_mall_goods_info` VALUES ('10109', 'MAG 犬用超能钙鲨鱼软骨粉400g 骨骼发育保护关节', '优质商品', '33', '/goods-img/shoppicpath11540867684_y.jpg', '/goods-img/shoppicpath11540867684_y.jpg', '商品介绍加载中...', '88', '88', '1000', '', '0', '0', '2020-04-01 21:03:47', '0', '2020-04-01 21:03:47', null);
INSERT INTO `tb_newbee_mall_goods_info` VALUES ('10110', '维斯康 犬猫浓缩天然胶原乳钙颗粒 300g 强健骨骼稳定骨密度', '优质商品', '33', '/goods-img/shoppicpath11540867928_y.jpg', '/goods-img/shoppicpath11540867928_y.jpg', '商品介绍加载中...', '98', '98', '999', '', '0', '0', '2020-04-01 21:03:47', '0', '2020-04-01 21:03:47', null);
INSERT INTO `tb_newbee_mall_goods_info` VALUES ('10111', '佑达发育宝 犬猫用钙胃能 450g 补钙配方 增强体质', '优质商品', '33', '/goods-img/shoppicpath11540867812_y.jpg', '/goods-img/shoppicpath11540867812_y.jpg', '商品介绍加载中...', '120', '120', '1000', '', '0', '0', '2020-04-01 21:03:47', '0', '2020-04-01 21:03:47', null);
INSERT INTO `tb_newbee_mall_goods_info` VALUES ('10112', '维斯康 犬猫用关节膏 120.5g 关节保护 补充钙质', '优质商品', '33', '/goods-img/shoppicpath11540867906_y.jpg', '/goods-img/shoppicpath11540867906_y.jpg', '商品介绍加载中...', '98', '98', '1000', '', '0', '0', '2020-04-01 21:03:47', '0', '2020-04-01 21:03:47', null);
INSERT INTO `tb_newbee_mall_goods_info` VALUES ('10113', '卫仕 犬用乳钙片 400片', '优质商品', '33', '/goods-img/shoppicpath11551081687_y.jpg', '/goods-img/shoppicpath11551081687_y.jpg', '商品介绍加载中...', '80', '80', '1000', '优质商品', '0', '0', '2020-04-01 21:03:47', '0', '2020-04-01 21:03:47', null);
INSERT INTO `tb_newbee_mall_goods_info` VALUES ('10114', '谷登 犬用超能钙200g 强壮骨骼 保护关节', '优质商品', '33', '/goods-img/shoppicpath11540867861_y.jpg', '/goods-img/shoppicpath11540867861_y.jpg', '商品介绍加载中...', '79', '79', '1000', '', '0', '0', '2020-04-01 21:03:47', '0', '2020-04-01 21:03:47', null);
INSERT INTO `tb_newbee_mall_goods_info` VALUES ('10115', '卫仕 犬用乳钙片试用装10片', '优质商品', '33', '/goods-img/shoppicpath11564477485_y.jpg', '/goods-img/shoppicpath11564477485_y.jpg', '商品介绍加载中...', '5', '5', '1000', '', '0', '0', '2020-04-01 21:03:47', '0', '2020-04-01 21:03:47', null);
INSERT INTO `tb_newbee_mall_goods_info` VALUES ('10116', '红狗RedDog 犬猫通用肽钙膏 120g 高钙易吸收', '优质商品', '33', '/goods-img/shoppicpath11533895699_y.jpg', '/goods-img/shoppicpath11533895699_y.jpg', '商品介绍加载中...', '98', '98', '1000', '', '0', '0', '2020-04-01 21:03:47', '0', '2020-04-01 21:03:47', null);
INSERT INTO `tb_newbee_mall_goods_info` VALUES ('10117', '谷登 关节宝浓缩鲨鱼软骨素 1.6g*24片 猫狗改善骨关节强健骨骼', '优质商品', '33', '/goods-img/shoppicpath11555572703_y.jpg', '/goods-img/shoppicpath11555572703_y.jpg', '商品介绍加载中...', '56', '56', '1000', '', '0', '0', '2020-04-01 21:03:48', '0', '2020-04-01 21:03:48', null);
INSERT INTO `tb_newbee_mall_goods_info` VALUES ('10118', '雷米高Ramical 犬猫通用羊乳钙片160片/瓶 乳酸菌含量5-10亿', '优质商品', '33', '/goods-img/shoppicpath11533894653_y.jpg', '/goods-img/shoppicpath11533894653_y.jpg', '商品介绍加载中...', '48', '48', '1000', '', '0', '0', '2020-04-01 21:03:48', '0', '2020-04-01 21:03:48', null);
INSERT INTO `tb_newbee_mall_goods_info` VALUES ('10119', '雷米高Ramical 犬猫通用强力液体钙100ml 保障骨骼关节牙齿发育', '优质商品', '33', '/goods-img/shoppicpath11533894733_y.jpg', '/goods-img/shoppicpath11533894733_y.jpg', '商品介绍加载中...', '48', '48', '1000', '', '0', '0', '2020-04-01 21:03:48', '0', '2020-04-01 21:03:48', null);
INSERT INTO `tb_newbee_mall_goods_info` VALUES ('10120', '卫仕 关节舒片 犬用 400片', '优质商品', '33', '/goods-img/shoppicpath11551086920_y.jpg', '/goods-img/shoppicpath11551086920_y.jpg', '商品介绍加载中...', '85', '85', '1000', '', '0', '0', '2020-04-01 21:03:48', '0', '2020-04-01 21:03:48', null);
INSERT INTO `tb_newbee_mall_goods_info` VALUES ('10121', '卫仕 犬用 乳钙片 160片', '优质商品', '33', '/goods-img/shoppicpath11551079870_y.jpg', '/goods-img/shoppicpath11551079870_y.jpg', '商品介绍加载中...', '45', '45', '1000', '', '0', '0', '2020-04-01 21:03:48', '0', '2020-04-01 21:03:48', null);
INSERT INTO `tb_newbee_mall_goods_info` VALUES ('10122', '红狗RedDog 犬猫通用离乳膏 120g 高钙助成长', '优质商品', '33', '/goods-img/shoppicpath11533891607_y.jpg', '/goods-img/shoppicpath11533891607_y.jpg', '商品介绍加载中...', '98', '98', '1000', '', '0', '0', '2020-04-01 21:03:48', '0', '2020-04-01 21:03:48', null);
INSERT INTO `tb_newbee_mall_goods_info` VALUES ('10123', '小宠EHD 犬猫肠胃宝益生菌 5g*10包 调理肠胃促消化', '优质商品', '34', '/goods-img/shoppicpath21576727508_y.jpg', '/goods-img/shoppicpath21576727508_y.jpg', '商品介绍加载中...', '55', '55', '1000', '', '0', '0', '2020-04-01 21:03:48', '0', '2020-04-01 21:03:48', null);
INSERT INTO `tb_newbee_mall_goods_info` VALUES ('10124', '怡亲Yoken 犬猫用肠胃宝酵素益生菌 10*5g 腹泻便秘肠炎消化不良适用', '优质商品', '34', '/goods-img/shoppicpath11544155427_y.jpg', '/goods-img/shoppicpath11544155427_y.jpg', '商品介绍加载中...', '29', '29', '1000', '', '0', '0', '2020-04-01 21:03:48', '0', '2020-04-01 21:03:48', null);
INSERT INTO `tb_newbee_mall_goods_info` VALUES ('10125', '小宠EHD 犬猫肠胃宝益生菌 5g*5包 调理肠胃促消化', '优质商品', '34', '/goods-img/shoppicpath11540868848_y.jpg', '/goods-img/shoppicpath11540868848_y.jpg', '商品介绍加载中...', '38', '38', '1000', '', '0', '0', '2020-04-01 21:03:48', '0', '2020-04-01 21:03:48', null);
INSERT INTO `tb_newbee_mall_goods_info` VALUES ('10126', '谷登Golden 犬用调理肠胃益生菌5g*5袋 助消化促食欲', '优质商品', '34', '/goods-img/shoppicpath11540868724_y.jpg', '/goods-img/shoppicpath11540868724_y.jpg', '商品介绍加载中...', '39', '39', '1000', '', '0', '0', '2020-04-01 21:03:48', '0', '2020-04-01 21:03:48', null);
INSERT INTO `tb_newbee_mall_goods_info` VALUES ('10127', '佑达发育宝 全犬种整肠配方350g(原幼犬)+全犬全猫钙胃能450g套装', '优质商品', '34', '/goods-img/shoppicpath11539671367_y.jpg', '/goods-img/shoppicpath11539671367_y.jpg', '商品介绍加载中...', '280', '280', '1000', '', '0', '0', '2020-04-01 21:03:48', '0', '2020-04-01 21:03:48', null);
INSERT INTO `tb_newbee_mall_goods_info` VALUES ('10128', '麦德氏inbasic 犬猫高单位活化益生菌 25g 肠胃炎便秘腹泻呕吐拉肚子', '优质商品', '34', '/goods-img/shoppicpath11562659731_y.jpg', '/goods-img/shoppicpath11562659731_y.jpg', '商品介绍加载中...', '36', '36', '1000', '', '0', '0', '2020-04-01 21:03:48', '0', '2020-04-01 21:03:48', null);
INSERT INTO `tb_newbee_mall_goods_info` VALUES ('10129', '麦德氏inbasic 宠物消食片 150片/罐 犬调理肠胃 改善食欲', '优质商品', '34', '/goods-img/shoppicpath11540868887_y.jpg', '/goods-img/shoppicpath11540868887_y.jpg', '商品介绍加载中...', '36', '36', '1000', '', '0', '0', '2020-04-01 21:03:48', '0', '2020-04-01 21:03:48', null);
INSERT INTO `tb_newbee_mall_goods_info` VALUES ('10130', '谷登 肠胃宝益生菌酵素配方 5g*10包 犬猫通用 调理肠胃', '优质商品', '34', '/goods-img/shoppicpath11578296633_y.jpg', '/goods-img/shoppicpath11578296633_y.jpg', '商品介绍加载中...', '50', '50', '1000', '', '0', '0', '2020-04-01 21:03:48', '0', '2020-04-01 21:03:48', null);
INSERT INTO `tb_newbee_mall_goods_info` VALUES ('10131', '麦德氏inplus 犬用肠胃保健益生菌 280g 狗狗调理肠胃', '优质商品', '34', '/goods-img/shoppicpath11555394969_y.jpg', '/goods-img/shoppicpath11555394969_y.jpg', '商品介绍加载中...', '98', '98', '1000', '', '0', '0', '2020-04-01 21:03:48', '0', '2020-04-01 21:03:48', null);
INSERT INTO `tb_newbee_mall_goods_info` VALUES ('10132', '佑达发育宝-S 犬用整肠配方 350g 调理肠胃 促进幼犬发育', '优质商品', '34', '/goods-img/shoppicpath11540868912_y.jpg', '/goods-img/shoppicpath11540868912_y.jpg', '商品介绍加载中...', '179', '179', '1000', '', '0', '0', '2020-04-01 21:03:48', '0', '2020-04-01 21:03:48', null);
INSERT INTO `tb_newbee_mall_goods_info` VALUES ('10133', '小宠EHD 肠胃宝益生菌 犬猫 5g*30包', '优质商品', '34', '/goods-img/shoppicpath11553773026_y.jpg', '/goods-img/shoppicpath11553773026_y.jpg', '商品介绍加载中...', '165', '165', '1000', '', '0', '0', '2020-04-01 21:03:48', '0', '2020-04-01 21:03:48', null);
INSERT INTO `tb_newbee_mall_goods_info` VALUES ('10134', 'BOTH FOS益生菌整肠颗粒 20粒 犬猫通用 止腹泻护肠胃', '优质商品', '34', '/goods-img/shoppicpath11560330697_y.jpg', '/goods-img/shoppicpath11560330697_y.jpg', '商品介绍加载中...', '78', '78', '1000', '', '0', '0', '2020-04-01 21:03:49', '0', '2020-04-01 21:03:49', null);
INSERT INTO `tb_newbee_mall_goods_info` VALUES ('10135', '维斯康 犬猫用益生菌PRO-20 6g*6袋/盒 调理肠道', '优质商品', '34', '/goods-img/shoppicpath51570788366_y.jpg', '/goods-img/shoppicpath51570788366_y.jpg', '商品介绍加载中...', '49', '49', '1000', '', '0', '0', '2020-04-01 21:03:49', '0', '2020-04-01 21:03:49', null);
INSERT INTO `tb_newbee_mall_goods_info` VALUES ('10136', '卫仕 复合益生菌 犬用 50g', '优质商品', '34', '/goods-img/shoppicpath11551087078_y.jpg', '/goods-img/shoppicpath11551087078_y.jpg', '商品介绍加载中...', '65', '65', '1000', '', '0', '0', '2020-04-01 21:03:49', '0', '2020-04-01 21:03:49', null);
INSERT INTO `tb_newbee_mall_goods_info` VALUES ('10137', 'BOTH 菊苣活菌益生元 整肠生 300g 减少腹泻便秘', '优质商品', '34', '/goods-img/shoppicpath11560329074_y.jpg', '/goods-img/shoppicpath11560329074_y.jpg', '商品介绍加载中...', '98', '98', '1000', '', '0', '0', '2020-04-01 21:03:49', '0', '2020-04-01 21:03:49', null);
INSERT INTO `tb_newbee_mall_goods_info` VALUES ('10138', '红狗RedDog 全年龄段犬用酵素益生菌 80g 增进食欲调理肠胃', '优质商品', '34', '/goods-img/shoppicpath11547803806_y.jpg', '/goods-img/shoppicpath11547803806_y.jpg', '商品介绍加载中...', '158', '158', '1000', '', '0', '0', '2020-04-01 21:03:49', '0', '2020-04-01 21:03:49', null);
INSERT INTO `tb_newbee_mall_goods_info` VALUES ('10139', '美科滋 犬猫枯草芽孢杆菌酿酒酵母活力素益生菌 50g (5g*10袋) 调理肠胃', '优质商品', '34', '/goods-img/shoppicpath11540868988_y.jpg', '/goods-img/shoppicpath11540868988_y.jpg', '商品介绍加载中...', '80', '80', '1000', '', '0', '0', '2020-04-01 21:03:49', '0', '2020-04-01 21:03:49', null);
INSERT INTO `tb_newbee_mall_goods_info` VALUES ('10140', 'BOTH 溶菌酶口气清新膏 120g 犬猫通用 改善口臭', '优质商品', '34', '/goods-img/shoppicpath11560331383_y.jpg', '/goods-img/shoppicpath11560331383_y.jpg', '商品介绍加载中...', '118', '118', '1000', '', '0', '0', '2020-04-01 21:03:49', '0', '2020-04-01 21:03:49', null);
INSERT INTO `tb_newbee_mall_goods_info` VALUES ('10141', '美科滋 芭比爱宠物狗猫复合益生菌便秘腹泻调理肠胃伴侣 3g*10袋/盒', '优质商品', '34', '/goods-img/shoppicpath11561344909_y.jpg', '/goods-img/shoppicpath11561344909_y.jpg', '商品介绍加载中...', '90', '90', '1000', '', '0', '0', '2020-04-01 21:03:49', '0', '2020-04-01 21:03:49', null);
INSERT INTO `tb_newbee_mall_goods_info` VALUES ('10142', '怡亲 犬猫通用宠物肠胃保健益生菌粉 5g', '优质商品', '34', '/goods-img/shoppicpath11524473258_y.jpg', '/goods-img/shoppicpath11524473258_y.jpg', '商品介绍加载中...', '3', '3', '1000', '', '0', '0', '2020-04-01 21:03:49', '0', '2020-04-01 21:03:49', null);
INSERT INTO `tb_newbee_mall_goods_info` VALUES ('10143', '怡亲Yoken 犬用化毛营养膏 120g 排毛补营养一膏多用', '优质商品', '35', '/goods-img/shoppicpath11576722158_y.jpg', '/goods-img/shoppicpath11576722158_y.jpg', '商品介绍加载中...', '34', '34', '1000', '', '0', '0', '2020-04-01 21:03:49', '0', '2020-04-01 21:03:49', null);
INSERT INTO `tb_newbee_mall_goods_info` VALUES ('10144', '法国维克Virbac 犬猫怀孕哺乳术后营养补充营养膏 120.5g 法国进口', '优质商品', '35', '/goods-img/shoppicpath11539746216_y.jpg', '/goods-img/shoppicpath11539746216_y.jpg', '商品介绍加载中...', '95', '95', '1000', '', '0', '0', '2020-04-01 21:03:49', '0', '2020-04-01 21:03:49', null);
INSERT INTO `tb_newbee_mall_goods_info` VALUES ('10145', '卫仕 速补营养膏 犬猫通用120g', '优质商品', '35', '/goods-img/shoppicpath11551089961_y.jpg', '/goods-img/shoppicpath11551089961_y.jpg', '商品介绍加载中...', '80', '80', '1000', '', '0', '0', '2020-04-01 21:03:49', '0', '2020-04-01 21:03:49', null);
INSERT INTO `tb_newbee_mall_goods_info` VALUES ('10146', 'BOTH 幼猫幼犬怀孕犬猫山羊奶粉 450g 提高免疫力', '优质商品', '35', '/goods-img/shoppicpath11555297693_y.jpg', '/goods-img/shoppicpath11555297693_y.jpg', '商品介绍加载中...', '118', '118', '1000', '', '0', '0', '2020-04-01 21:03:49', '0', '2020-04-01 21:03:49', null);
INSERT INTO `tb_newbee_mall_goods_info` VALUES ('10147', '新宠之康 犬猫用羊奶粉 400g 近母乳低过敏', '优质商品', '35', '/goods-img/shoppicpath11559821664_y.jpg', '/goods-img/shoppicpath11559821664_y.jpg', '商品介绍加载中...', '45', '45', '998', '优质商品', '0', '0', '2020-04-01 21:03:49', '0', '2020-04-01 21:03:49', null);
INSERT INTO `tb_newbee_mall_goods_info` VALUES ('10148', '红狗RedDog 犬猫通用综合营养膏 120g 多效补充', '优质商品', '35', '/goods-img/shoppicpath11552646654_y.jpg', '/goods-img/shoppicpath11552646654_y.jpg', '商品介绍加载中...', '89', '89', '1000', '', '0', '0', '2020-04-01 21:03:49', '0', '2020-04-01 21:03:49', null);
INSERT INTO `tb_newbee_mall_goods_info` VALUES ('10149', '谷登 狗用微量元素片200片 改善异食癖', '优质商品', '35', '/goods-img/shoppicpath11555297500_y.jpg', '/goods-img/shoppicpath11555297500_y.jpg', '商品介绍加载中...', '42', '42', '1000', '', '0', '0', '2020-04-01 21:03:49', '0', '2020-04-01 21:03:49', null);
INSERT INTO `tb_newbee_mall_goods_info` VALUES ('10150', '麦德氏inbasic 犬用螯合微量元素片 150片/罐 防治异食癖', '优质商品', '35', '/goods-img/shoppicpath11562659422_y.jpg', '/goods-img/shoppicpath11562659422_y.jpg', '商品介绍加载中...', '36', '36', '1000', '', '0', '0', '2020-04-01 21:03:50', '0', '2020-04-01 21:03:50', null);
INSERT INTO `tb_newbee_mall_goods_info` VALUES ('10151', 'MAG 幼犬猫山羊奶粉 400g 怀孕猫狗促进发育', '优质商品', '35', '/goods-img/shoppicpath11540869445_y.jpg', '/goods-img/shoppicpath11540869445_y.jpg', '商品介绍加载中...', '98', '98', '1000', '', '0', '0', '2020-04-01 21:03:50', '0', '2020-04-01 21:03:50', null);
INSERT INTO `tb_newbee_mall_goods_info` VALUES ('10152', '怡亲Yoken 犬猫用复合微量元素片 0.5g*160片 改善异食癖', '优质商品', '35', '/goods-img/shoppicpath11544154478_y.jpg', '/goods-img/shoppicpath11544154478_y.jpg', '商品介绍加载中...', '24', '24', '1000', '', '0', '0', '2020-04-01 21:03:50', '0', '2020-04-01 21:03:50', null);
INSERT INTO `tb_newbee_mall_goods_info` VALUES ('10153', '维斯康 犬用速补综合营养膏 120.5g 怀孕术后专用体弱老年狗营养补充', '优质商品', '35', '/goods-img/shoppicpath11540869617_y.jpg', '/goods-img/shoppicpath11540869617_y.jpg', '商品介绍加载中...', '65', '65', '1000', '', '0', '0', '2020-04-01 21:03:50', '0', '2020-04-01 21:03:50', null);
INSERT INTO `tb_newbee_mall_goods_info` VALUES ('10154', '谷登 金装优加犬用营养膏 120g  强健体质', '优质商品', '35', '/goods-img/shoppicpath11555571487_y.jpg', '/goods-img/shoppicpath11555571487_y.jpg', '商品介绍加载中...', '65', '65', '999', '优质商品', '0', '0', '2020-04-01 21:03:50', '0', '2020-04-01 21:03:50', null);
INSERT INTO `tb_newbee_mall_goods_info` VALUES ('10155', '谷登 猫狗通用羊奶粉200g  富含DHA益智因子', '优质商品', '35', '/goods-img/shoppicpath11555571042_y.jpg', '/goods-img/shoppicpath11555571042_y.jpg', '商品介绍加载中...', '79', '79', '1000', '', '0', '0', '2020-04-01 21:03:50', '0', '2020-04-01 21:03:50', null);
INSERT INTO `tb_newbee_mall_goods_info` VALUES ('10156', '麦德氏inplus 犬用活力能量营养膏 120g 虚弱厌食改善', '优质商品', '35', '/goods-img/shoppicpath11539070509_y.jpg', '/goods-img/shoppicpath11539070509_y.jpg', '商品介绍加载中...', '75', '75', '1000', '', '0', '0', '2020-04-01 21:03:50', '0', '2020-04-01 21:03:50', null);
INSERT INTO `tb_newbee_mall_goods_info` VALUES ('10157', 'MAG 全犬用金维他补充微量元素 300片 营养补充', '优质商品', '35', '/goods-img/shoppicpath11551765733_y.jpg', '/goods-img/shoppicpath11551765733_y.jpg', '商品介绍加载中...', '118', '118', '1000', '', '0', '0', '2020-04-01 21:03:50', '0', '2020-04-01 21:03:50', null);
INSERT INTO `tb_newbee_mall_goods_info` VALUES ('10158', '麦德氏inplus 犬猫DHA配方羊奶粉 280g 补充营养增强抵抗力', '优质商品', '35', '/goods-img/shoppicpath11558952298_y.jpg', '/goods-img/shoppicpath11558952298_y.jpg', '商品介绍加载中...', '110', '110', '998', '优质商品', '0', '0', '2020-04-01 21:03:50', '0', '2020-04-01 21:03:50', null);
INSERT INTO `tb_newbee_mall_goods_info` VALUES ('10159', '卫仕 螯合微量元素片 犬用 400片', '优质商品', '35', '/goods-img/shoppicpath11551086604_y.jpg', '/goods-img/shoppicpath11551086604_y.jpg', '商品介绍加载中...', '80', '80', '997', '', '0', '0', '2020-04-01 21:03:50', '0', '2020-04-01 21:03:50', null);
INSERT INTO `tb_newbee_mall_goods_info` VALUES ('10160', '法国维克Virbac 猫狗通用营养膏 70.9g 补钙补充维生素 法国进口', '优质商品', '35', '/goods-img/shoppicpath11540950890_y.jpg', '/goods-img/shoppicpath11540950890_y.jpg', '商品介绍加载中...', '60', '60', '1000', '优质商品', '0', '0', '2020-04-01 21:03:50', '0', '2020-04-01 21:03:50', null);
INSERT INTO `tb_newbee_mall_goods_info` VALUES ('10161', '菩施康 猫狗营养B族维生素片 138片/瓶 治疗维生素缺乏引起的皮屑皮炎', '优质商品', '35', '/goods-img/shoppicpath11559294955_y.jpg', '/goods-img/shoppicpath11559294955_y.jpg', '商品介绍加载中...', '49', '49', '1000', '', '0', '0', '2020-04-01 21:03:50', '0', '2020-04-01 21:03:50', null);
INSERT INTO `tb_newbee_mall_goods_info` VALUES ('10162', '维斯康 全犬猫通用蔓越莓尿路酸化颗粒 300g 预防尿道结石', '优质商品', '35', '/goods-img/shoppicpath11540869642_y.jpg', '/goods-img/shoppicpath11540869642_y.jpg', '商品介绍加载中...', '98', '98', '1000', '', '0', '0', '2020-04-01 21:03:50', '0', '2020-04-01 21:03:50', null);
INSERT INTO `tb_newbee_mall_goods_info` VALUES ('10163', '杜邦卫可 犬猫通用消毒剂50g  杀灭冠状病毒', '优质商品', '44', '/goods-img/shoppicpath11584697056_y.jpg', '/goods-img/shoppicpath11584697056_y.jpg', '商品介绍加载中...', '80', '80', '1000', '', '0', '0', '2020-04-01 21:03:50', '0', '2020-04-01 21:03:50', null);
INSERT INTO `tb_newbee_mall_goods_info` VALUES ('10164', '白云山宝神 双黄连口服液 猫狗感冒清 60ml 感冒治疗药', '优质商品', '44', '/goods-img/shoppicpath11540869996_y.jpg', '/goods-img/shoppicpath11540869996_y.jpg', '商品介绍加载中...', '52', '52', '1000', '', '0', '0', '2020-04-01 21:03:51', '0', '2020-04-01 21:03:51', null);
INSERT INTO `tb_newbee_mall_goods_info` VALUES ('10165', '澳丽可 宠物消毒泡腾片 12片/盒 犬猫通用  温和不伤肤', '优质商品', '44', '/goods-img/shoppicpath11582000166_y.jpg', '/goods-img/shoppicpath11582000166_y.jpg', '商品介绍加载中...', '29', '29', '1000', '', '0', '0', '2020-04-01 21:03:51', '0', '2020-04-01 21:03:51', null);
INSERT INTO `tb_newbee_mall_goods_info` VALUES ('10166', '朗博特LANBOTO 创肤安硫酸新霉素软膏伤口治愈犬猫外伤用 20g/支', '优质商品', '44', '/goods-img/shoppicpath11541594576_y.jpg', '/goods-img/shoppicpath11541594576_y.jpg', '商品介绍加载中...', '60', '60', '1000', '', '0', '0', '2020-04-01 21:03:51', '0', '2020-04-01 21:03:51', null);
INSERT INTO `tb_newbee_mall_goods_info` VALUES ('10167', '爱迪森 犬猫用果根素甘胆口服液 100ml 感冒咳嗽药', '优质商品', '44', '/goods-img/shoppicpath11545621608_y.jpg', '/goods-img/shoppicpath11545621608_y.jpg', '商品介绍加载中...', '100', '100', '1000', '', '0', '0', '2020-04-01 21:03:51', '0', '2020-04-01 21:03:51', null);
INSERT INTO `tb_newbee_mall_goods_info` VALUES ('10168', '美科滋 脱美佳宠物拉肚子腹泻安全物理止泻药 5g*10袋/盒', '优质商品', '44', '/goods-img/shoppicpath11537516062_y.jpg', '/goods-img/shoppicpath11537516062_y.jpg', '商品介绍加载中...', '80', '80', '1000', '', '0', '0', '2020-04-01 21:03:51', '0', '2020-04-01 21:03:51', null);
INSERT INTO `tb_newbee_mall_goods_info` VALUES ('10169', '爱迪森 犬猫用果根素甘胆口服液 15ml*2支 感冒咳嗽药', '优质商品', '44', '/goods-img/shoppicpath11545621831_y.jpg', '/goods-img/shoppicpath11545621831_y.jpg', '商品介绍加载中...', '50', '50', '1000', '', '0', '0', '2020-04-01 21:03:51', '0', '2020-04-01 21:03:51', null);
INSERT INTO `tb_newbee_mall_goods_info` VALUES ('10170', '雷米高 犬猫外用耳螨软膏10g 抗炎药 改善红斑瘙痒水肿', '优质商品', '44', '/goods-img/shoppicpath11573198562_y.jpg', '/goods-img/shoppicpath11573198562_y.jpg', '商品介绍加载中...', '89', '89', '1000', '', '0', '0', '2020-04-01 21:03:51', '0', '2020-04-01 21:03:51', null);
INSERT INTO `tb_newbee_mall_goods_info` VALUES ('10171', '爱迪森 宠物赐能素 提高免疫力抗犬瘟病毒（黄芪多糖口服液）100ml', '优质商品', '44', '/goods-img/shoppicpath11551769657_y.jpg', '/goods-img/shoppicpath11551769657_y.jpg', '商品介绍加载中...', '100', '100', '1000', '', '0', '0', '2020-04-01 21:03:51', '0', '2020-04-01 21:03:51', null);
INSERT INTO `tb_newbee_mall_goods_info` VALUES ('10172', '爱迪森 猫狗宠物赐能素提高免疫力抗犬瘟病毒（黄芪多糖口服液）15ml*2支', '优质商品', '44', '/goods-img/shoppicpath11553773187_y.jpg', '/goods-img/shoppicpath11553773187_y.jpg', '商品介绍加载中...', '50', '50', '1000', '', '0', '0', '2020-04-01 21:03:51', '0', '2020-04-01 21:03:51', null);
INSERT INTO `tb_newbee_mall_goods_info` VALUES ('10173', '施德维特 猫狗伤口护理粉 15g 受伤湿疹化脓皮肤护理 德国进口', '优质商品', '44', '/goods-img/shoppicpath11540869799_y.jpg', '/goods-img/shoppicpath11540869799_y.jpg', '商品介绍加载中...', '118', '118', '1000', '', '0', '0', '2020-04-01 21:03:51', '0', '2020-04-01 21:03:51', null);
INSERT INTO `tb_newbee_mall_goods_info` VALUES ('10174', '爱迪森 犬猫用金美康清热解毒银黄可溶性粉 1g*10瓶 呼吸道疾病宣肺治感冒', '优质商品', '44', '/goods-img/shoppicpath11545622051_y.jpg', '/goods-img/shoppicpath11545622051_y.jpg', '商品介绍加载中...', '150', '150', '1000', '', '0', '0', '2020-04-01 21:03:51', '0', '2020-04-01 21:03:51', null);
INSERT INTO `tb_newbee_mall_goods_info` VALUES ('10175', '清欢 可杀冠状病毒   过硫酸氢钾复合物宠物消毒剂 50g', '优质商品', '44', '/goods-img/shoppicpath11581327656_y.jpg', '/goods-img/shoppicpath11581327656_y.jpg', '商品介绍加载中...', '65', '65', '1000', '', '0', '0', '2020-04-01 21:03:51', '0', '2020-04-01 21:03:51', null);
INSERT INTO `tb_newbee_mall_goods_info` VALUES ('10176', '爱呵 金边圆圈伊丽莎白圈 防舔防咬', '优质商品', '44', '/goods-img/shoppicpath11527835093_y.jpg', '/goods-img/shoppicpath11527835093_y.jpg', '商品介绍加载中...', '8', '8', '1000', '', '0', '0', '2020-04-01 21:03:51', '0', '2020-04-01 21:03:51', null);
INSERT INTO `tb_newbee_mall_goods_info` VALUES ('10177', '白云山宝神 猫狗咳喘平 麻杏石甘口服液 60ml 治疗感冒咳嗽', '优质商品', '44', '/goods-img/shoppicpath11540950982_y.jpg', '/goods-img/shoppicpath11540950982_y.jpg', '商品介绍加载中...', '52', '52', '1000', '', '0', '0', '2020-04-01 21:03:51', '0', '2020-04-01 21:03:51', null);
INSERT INTO `tb_newbee_mall_goods_info` VALUES ('10178', '白云山宝神 猫狗瘟热清 清瘟解毒口服液 60ml 治疗流行感冒犬瘟细小', '优质商品', '44', '/goods-img/shoppicpath11540870290_y.jpg', '/goods-img/shoppicpath11540870290_y.jpg', '商品介绍加载中...', '54', '54', '1000', '', '0', '0', '2020-04-01 21:03:51', '0', '2020-04-01 21:03:51', null);
INSERT INTO `tb_newbee_mall_goods_info` VALUES ('10179', '白云山宝神 猫狗肠道康 杨树花口服液 60ml 治疗肠炎腹泻', '优质商品', '44', '/goods-img/shoppicpath11540870261_y.jpg', '/goods-img/shoppicpath11540870261_y.jpg', '商品介绍加载中...', '50', '50', '1000', '', '0', '0', '2020-04-01 21:03:51', '0', '2020-04-01 21:03:51', null);
INSERT INTO `tb_newbee_mall_goods_info` VALUES ('10180', '拜有利 犬猫用风味片M 50mg（10片/整盒装） 消化泌尿呼吸道皮肤感染', '优质商品', '44', '/goods-img/shoppicpath11540275615_y.jpg', '/goods-img/shoppicpath11540275615_y.jpg', '商品介绍加载中...', '200', '200', '996', '优质商品', '0', '0', '2020-04-01 21:03:51', '0', '2020-04-01 21:03:51', null);
INSERT INTO `tb_newbee_mall_goods_info` VALUES ('10181', '食佳鲜宠 喂药伴侣 犬猫通用6粒*10袋 喂药零食', '优质商品', '44', '/goods-img/shoppicpath11550633281_y.jpg', '/goods-img/shoppicpath11550633281_y.jpg', '商品介绍加载中...', '300', '300', '1000', '', '0', '0', '2020-04-01 21:03:52', '0', '2020-04-01 21:03:52', null);
INSERT INTO `tb_newbee_mall_goods_info` VALUES ('10182', '金盾 皮特芬喷剂 猫狗真菌性皮肤病药 100ml', '优质商品', '45', '/goods-img/shoppicpath11559792198_y.jpg', '/goods-img/shoppicpath11559792198_y.jpg', '商品介绍加载中...', '60', '60', '1000', '', '0', '0', '2020-04-01 21:03:52', '0', '2020-04-01 21:03:52', null);
INSERT INTO `tb_newbee_mall_goods_info` VALUES ('10183', '法国维克Virbac 犬猫皮肤病滴剂 <10kg适用 2ml*6支装  猫癣皮肤修复 法国进口', '优质商品', '45', '/goods-img/shoppicpath11540871347_y.jpg', '/goods-img/shoppicpath11540871347_y.jpg', '商品介绍加载中...', '174', '174', '1000', '', '0', '0', '2020-04-01 21:03:52', '0', '2020-04-01 21:03:52', null);
INSERT INTO `tb_newbee_mall_goods_info` VALUES ('10184', '法国维克Virbac 犬猫皮肤病滴剂  >10kg适用 4ml*6支装 猫癣皮肤病修复 法国进口', '优质商品', '45', '/goods-img/shoppicpath11540871374_y.jpg', '/goods-img/shoppicpath11540871374_y.jpg', '商品介绍加载中...', '208', '208', '1000', '', '0', '0', '2020-04-01 21:03:52', '0', '2020-04-01 21:03:52', null);
INSERT INTO `tb_newbee_mall_goods_info` VALUES ('10185', '金盾 宠物消炎杀螨膏 20g 猫狗蠕形螨疥螨细菌真菌皮肤病', '优质商品', '45', '/goods-img/shoppicpath11559791664_y.jpg', '/goods-img/shoppicpath11559791664_y.jpg', '商品介绍加载中...', '40', '40', '1000', '', '0', '0', '2020-04-01 21:03:52', '0', '2020-04-01 21:03:52', null);
INSERT INTO `tb_newbee_mall_goods_info` VALUES ('10186', '麦高臣 宠物犬猫通用神仙水 50ml+10ml 伤口及皮肤护理 美国进口 杀灭人类冠状病毒', '优质商品', '45', '/goods-img/shoppicpath11552983850_y.jpg', '/goods-img/shoppicpath11552983850_y.jpg', '商品介绍加载中...', '89', '89', '1000', '', '0', '0', '2020-04-01 21:03:52', '0', '2020-04-01 21:03:52', null);
INSERT INTO `tb_newbee_mall_goods_info` VALUES ('10187', '恩倍多 益肤灵W100皮肤病喷雾 100ml  犬猫通用 改善皮肤病', '优质商品', '45', '/goods-img/shoppicpath11561627357_y.jpg', '/goods-img/shoppicpath11561627357_y.jpg', '商品介绍加载中...', '45', '45', '1000', '', '0', '0', '2020-04-01 21:03:52', '0', '2020-04-01 21:03:52', null);
INSERT INTO `tb_newbee_mall_goods_info` VALUES ('10188', '麦高臣 宠物犬猫通用神仙水 100ml 伤口及皮肤护理 美国进口 杀灭人类冠状病毒', '优质商品', '45', '/goods-img/shoppicpath11540871270_y.jpg', '/goods-img/shoppicpath11540871270_y.jpg', '商品介绍加载中...', '150', '150', '1000', '', '0', '0', '2020-04-01 21:03:52', '0', '2020-04-01 21:03:52', null);
INSERT INTO `tb_newbee_mall_goods_info` VALUES ('10189', '金盾 皮特芬滴剂 猫狗真菌性皮肤病药 20ml 皮炎瘙痒', '优质商品', '45', '/goods-img/shoppicpath11559791509_y.jpg', '/goods-img/shoppicpath11559791509_y.jpg', '商品介绍加载中...', '45', '45', '1000', '', '0', '0', '2020-04-01 21:03:52', '0', '2020-04-01 21:03:52', null);
INSERT INTO `tb_newbee_mall_goods_info` VALUES ('10190', '朗博特犬猫通用 舒肤复方酮康唑软膏15g 治疗犬猫皮肤病 猫癣皮炎', '优质商品', '45', '/goods-img/shoppicpath11541594424_y.jpg', '/goods-img/shoppicpath11541594424_y.jpg', '商品介绍加载中...', '55', '55', '1000', '', '0', '0', '2020-04-01 21:03:52', '0', '2020-04-01 21:03:52', null);
INSERT INTO `tb_newbee_mall_goods_info` VALUES ('10191', '麦高臣 宠物犬猫通用神仙水 500ml 伤口及皮肤护理 美国进口 杀灭人类冠状病毒', '优质商品', '45', '/goods-img/shoppicpath11540871316_y.jpg', '/goods-img/shoppicpath11540871316_y.jpg', '商品介绍加载中...', '326', '326', '1000', '', '0', '0', '2020-04-01 21:03:52', '0', '2020-04-01 21:03:52', null);
INSERT INTO `tb_newbee_mall_goods_info` VALUES ('10192', '金盾药业 皮特芬复方酮康唑软膏 15g 治疗皮肤病 猫癣 真菌感染', '优质商品', '45', '/goods-img/shoppicpath11562064239_y.jpg', '/goods-img/shoppicpath11562064239_y.jpg', '商品介绍加载中...', '65', '65', '1000', '', '0', '0', '2020-04-01 21:03:52', '0', '2020-04-01 21:03:52', null);
INSERT INTO `tb_newbee_mall_goods_info` VALUES ('10193', '金盾 犬猫新一代皮特芬喷剂 100ml 真菌螨虫感染猫癣皮炎', '优质商品', '45', '/goods-img/shoppicpath11559792506_y.jpg', '/goods-img/shoppicpath11559792506_y.jpg', '商品介绍加载中...', '110', '110', '1000', '', '0', '0', '2020-04-01 21:03:52', '0', '2020-04-01 21:03:52', null);
INSERT INTO `tb_newbee_mall_goods_info` VALUES ('10194', '雷米高犬猫通用 益尔信复方酮康唑软膏15g 皮肤病 灭真菌 祛猫癣', '优质商品', '45', '/goods-img/shoppicpath11536920807_y.jpg', '/goods-img/shoppicpath11536920807_y.jpg', '商品介绍加载中...', '58', '58', '1000', '', '0', '0', '2020-04-01 21:03:52', '0', '2020-04-01 21:03:52', null);
INSERT INTO `tb_newbee_mall_goods_info` VALUES ('10195', '麦高臣 宠物犬猫通用神仙水 236ml 伤口及皮肤护理 美国进口 杀灭人类冠状病毒', '优质商品', '45', '/goods-img/shoppicpath11540871292_y.jpg', '/goods-img/shoppicpath11540871292_y.jpg', '商品介绍加载中...', '265', '265', '999', '优质商品', '0', '0', '2020-04-01 21:03:52', '0', '2020-04-01 21:03:52', null);
INSERT INTO `tb_newbee_mall_goods_info` VALUES ('10196', '雷米高Ramical 犬猫通用滴耳液 20ml 治疗细菌性中耳炎 外耳炎', '优质商品', '45', '/goods-img/shoppicpath11533894901_y.jpg', '/goods-img/shoppicpath11533894901_y.jpg', '商品介绍加载中...', '48', '48', '1000', '', '0', '0', '2020-04-01 21:03:52', '0', '2020-04-01 21:03:52', null);
INSERT INTO `tb_newbee_mall_goods_info` VALUES ('10197', 'APDC 犬用皮肤保湿喷雾 125ml  真菌瘙痒 减少皮屑干燥 日本网红品牌', '优质商品', '45', '/goods-img/shoppicpath11531811580_y.jpg', '/goods-img/shoppicpath11531811580_y.jpg', '商品介绍加载中...', '105', '105', '1000', '', '0', '0', '2020-04-01 21:03:52', '0', '2020-04-01 21:03:52', null);
INSERT INTO `tb_newbee_mall_goods_info` VALUES ('10198', '小宠 犬猫通用皮肤病杀菌药聚维酮碘溶液80ml 灭真菌 除猫藓 适用小面积皮肤病', '优质商品', '45', '/goods-img/shoppicpath11580782768_y.jpg', '/goods-img/shoppicpath11580782768_y.jpg', '商品介绍加载中...', '59', '59', '1000', '', '0', '0', '2020-04-01 21:03:52', '0', '2020-04-01 21:03:52', null);
INSERT INTO `tb_newbee_mall_goods_info` VALUES ('10199', '宠医卓品 犬猫皮肤止痒喷雾 240ml  缓解皮肤刺激 清爽除臭 美国进口', '优质商品', '45', '/goods-img/shoppicpath11549959098_y.jpg', '/goods-img/shoppicpath11549959098_y.jpg', '商品介绍加载中...', '140', '140', '1000', '', '0', '0', '2020-04-01 21:03:52', '0', '2020-04-01 21:03:52', null);
INSERT INTO `tb_newbee_mall_goods_info` VALUES ('10200', '宠医卓品  犬用皮肤舒缓霜 240ml  皮肤止痒 缓解干燥 美国进口', '优质商品', '45', '/goods-img/shoppicpath11549959333_y.jpg', '/goods-img/shoppicpath11549959333_y.jpg', '商品介绍加载中...', '189', '189', '1000', '', '0', '0', '2020-04-01 21:03:53', '0', '2020-04-01 21:03:53', null);
INSERT INTO `tb_newbee_mall_goods_info` VALUES ('10201', '小宠EHD 洁耳舒 50ml 猫狗预防耳螨耳炎滴耳液', '优质商品', '46', '/goods-img/shoppicpath11574240191_y.jpg', '/goods-img/shoppicpath11574240191_y.jpg', '商品介绍加载中...', '29', '29', '1000', '', '0', '0', '2020-04-01 21:03:53', '0', '2020-04-01 21:03:53', null);
INSERT INTO `tb_newbee_mall_goods_info` VALUES ('10202', '耳康 犬猫止痒滴耳液 25ml/瓶 驱虫除螨杀菌止痒', '优质商品', '46', '/goods-img/shoppicpath11540885569_y.jpg', '/goods-img/shoppicpath11540885569_y.jpg', '商品介绍加载中...', '55', '55', '1000', '', '0', '0', '2020-04-01 21:03:53', '0', '2020-04-01 21:03:53', null);
INSERT INTO `tb_newbee_mall_goods_info` VALUES ('10203', '法国维克Virbac 猫狗通用耳漂耳部护理 125ml 清洁耳道除耳螨 法国进口', '优质商品', '46', '/goods-img/shoppicpath11539746188_y.jpg', '/goods-img/shoppicpath11539746188_y.jpg', '商品介绍加载中...', '132', '132', '1000', '', '0', '0', '2020-04-01 21:03:53', '0', '2020-04-01 21:03:53', null);
INSERT INTO `tb_newbee_mall_goods_info` VALUES ('10204', '小宠EHD 犬猫通用 耳净康滴耳液 50ml 专治耳螨耳炎除耳臭', '优质商品', '46', '/goods-img/shoppicpath11542694181_y.jpg', '/goods-img/shoppicpath11542694181_y.jpg', '商品介绍加载中...', '45', '45', '1000', '', '0', '0', '2020-04-01 21:03:53', '0', '2020-04-01 21:03:53', null);
INSERT INTO `tb_newbee_mall_goods_info` VALUES ('10205', '法国维克Virbac 猫狗耳漂耳部护理洗耳液 60ml 清洁耳道去耳螨 法国进口', '优质商品', '46', '/goods-img/shoppicpath11540539602_y.jpg', '/goods-img/shoppicpath11540539602_y.jpg', '商品介绍加载中...', '89', '89', '1000', '', '0', '0', '2020-04-01 21:03:53', '0', '2020-04-01 21:03:53', null);
INSERT INTO `tb_newbee_mall_goods_info` VALUES ('10206', '法国维克Virbac C.E.T.小型犬清洁齿片 224g 抑菌去口臭 法国进口', '优质商品', '46', '/goods-img/shoppicpath11540871970_y.jpg', '/goods-img/shoppicpath11540871970_y.jpg', '商品介绍加载中...', '48', '48', '1000', '', '0', '0', '2020-04-01 21:03:53', '0', '2020-04-01 21:03:53', null);
INSERT INTO `tb_newbee_mall_goods_info` VALUES ('10207', '法国维克Virbac 犬猫益口清洁牙液 250ml 漱口水改善口臭 法国进口', '优质商品', '46', '/goods-img/shoppicpath11548841012_y.jpg', '/goods-img/shoppicpath11548841012_y.jpg', '商品介绍加载中...', '123', '123', '1000', '', '0', '0', '2020-04-01 21:03:53', '0', '2020-04-01 21:03:53', null);
INSERT INTO `tb_newbee_mall_goods_info` VALUES ('10208', '法国维克Virbac 犬猫鸡肉味复合酶牙膏盒装刷牙牙膏 70g  口腔清洁 法国进口', '优质商品', '46', '/goods-img/shoppicpath11540872029_y.jpg', '/goods-img/shoppicpath11540872029_y.jpg', '商品介绍加载中...', '82', '82', '1000', '', '0', '0', '2020-04-01 21:03:53', '0', '2020-04-01 21:03:53', null);
INSERT INTO `tb_newbee_mall_goods_info` VALUES ('10209', '法国维克Virbac 犬猫眼净洗眼水 125ml 舒缓滋润去泪痕 法国进口', '优质商品', '46', '/goods-img/shoppicpath11540884908_y.jpg', '/goods-img/shoppicpath11540884908_y.jpg', '商品介绍加载中...', '124', '124', '1000', '', '0', '0', '2020-04-01 21:03:53', '0', '2020-04-01 21:03:53', null);
INSERT INTO `tb_newbee_mall_goods_info` VALUES ('10210', '金盾 犬猫通用除螨止痒滴耳油 50ml 日常清洁', '优质商品', '46', '/goods-img/shoppicpath11559791899_y.jpg', '/goods-img/shoppicpath11559791899_y.jpg', '商品介绍加载中...', '40', '40', '1000', '', '0', '0', '2020-04-01 21:03:53', '0', '2020-04-01 21:03:53', null);
INSERT INTO `tb_newbee_mall_goods_info` VALUES ('10211', '法国维克Virbac 猫狗复合酶牙膏套装牙刷牙膏 70g 去牙菌斑 清新口气 法国进口', '优质商品', '46', '/goods-img/shoppicpath11540885476_y.jpg', '/goods-img/shoppicpath11540885476_y.jpg', '商品介绍加载中...', '107', '107', '1000', '', '0', '0', '2020-04-01 21:03:53', '0', '2020-04-01 21:03:53', null);
INSERT INTO `tb_newbee_mall_goods_info` VALUES ('10212', '博乐丹Proden 犬猫通用牙洁粉40g  去口臭清洁牙齿 瑞典进口', '优质商品', '46', '/goods-img/shoppicpath11578639899_y.jpg', '/goods-img/shoppicpath11578639899_y.jpg', '商品介绍加载中...', '248', '248', '1000', '', '0', '0', '2020-04-01 21:03:53', '0', '2020-04-01 21:03:53', null);
INSERT INTO `tb_newbee_mall_goods_info` VALUES ('10213', '伊丽莎白圈防舔舐项圈围脖 猫狗通用', '优质商品', '46', '/goods-img/shoppicpath11556018148_y.jpg', '/goods-img/shoppicpath11556018148_y.jpg', '商品介绍加载中...', '6', '6', '1000', '', '0', '0', '2020-04-01 21:03:53', '0', '2020-04-01 21:03:53', null);
INSERT INTO `tb_newbee_mall_goods_info` VALUES ('10214', '中恒 宠物防抓舔咬美容罩头套 伊丽莎白圈 猫狗围脖', '优质商品', '46', '/goods-img/shoppicpath11540886873_y.jpg', '/goods-img/shoppicpath11540886873_y.jpg', '商品介绍加载中...', '12', '12', '1000', '', '0', '0', '2020-04-01 21:03:53', '0', '2020-04-01 21:03:53', null);
INSERT INTO `tb_newbee_mall_goods_info` VALUES ('10215', '新宠之康 猫狗宠物洗眼液 30ml 去泪痕眼屎红丝瘙痒', '优质商品', '46', '/goods-img/shoppicpath11521873058_y.jpg', '/goods-img/shoppicpath11521873058_y.jpg', '商品介绍加载中...', '12', '12', '1000', '', '0', '0', '2020-04-01 21:03:54', '0', '2020-04-01 21:03:54', null);
INSERT INTO `tb_newbee_mall_goods_info` VALUES ('10216', '博乐丹Proden 猫狗通用牙洁粉改善口腔清洁 20g', '优质商品', '46', '/goods-img/shoppicpath11578642664_y.jpg', '/goods-img/shoppicpath11578642664_y.jpg', '商品介绍加载中...', '139', '139', '1000', '', '0', '0', '2020-04-01 21:03:54', '0', '2020-04-01 21:03:54', null);
INSERT INTO `tb_newbee_mall_goods_info` VALUES ('10217', '新宠之康 猫狗宠物滴耳油 30ml 治疗耳螨中耳炎', '优质商品', '46', '/goods-img/shoppicpath11521872779_y.jpg', '/goods-img/shoppicpath11521872779_y.jpg', '商品介绍加载中...', '12', '12', '1000', '', '0', '0', '2020-04-01 21:03:54', '0', '2020-04-01 21:03:54', null);
INSERT INTO `tb_newbee_mall_goods_info` VALUES ('10218', 'AFP 狗用口腔清洁漱口水 454g 预防牙垢', '优质商品', '46', '/goods-img/shoppicpath11540350710_y.jpg', '/goods-img/shoppicpath11540350710_y.jpg', '商品介绍加载中...', '39', '39', '1000', '', '0', '0', '2020-04-01 21:03:54', '0', '2020-04-01 21:03:54', null);
INSERT INTO `tb_newbee_mall_goods_info` VALUES ('10219', '新宠之康 犬猫用亮洁消炎滴眼液 60ml 专业去泪痕', '优质商品', '46', '/goods-img/shoppicpath11540371712_y.jpg', '/goods-img/shoppicpath11540371712_y.jpg', '商品介绍加载中...', '24', '24', '1000', '', '0', '0', '2020-04-01 21:03:54', '0', '2020-04-01 21:03:54', null);
INSERT INTO `tb_newbee_mall_goods_info` VALUES ('10220', '法国维克Virbac C.E.T中型犬清洁齿片抑菌去口臭350g 袋装 法国进口', '优质商品', '46', '/goods-img/shoppicpath11559647697_y.jpg', '/goods-img/shoppicpath11559647697_y.jpg', '商品介绍加载中...', '71', '71', '1000', '', '0', '0', '2020-04-01 21:03:54', '0', '2020-04-01 21:03:54', null);
INSERT INTO `tb_newbee_mall_goods_info` VALUES ('10221', '福来恩 犬用体外驱虫滴剂 小型犬10kg以下 整盒3支装/3个月剂量 法国进口', '优质商品', '49', '/goods-img/shoppicpath11540274255_y.jpg', '/goods-img/shoppicpath11540274255_y.jpg', '商品介绍加载中...', '189', '189', '1000', '', '0', '0', '2020-04-01 21:03:54', '0', '2020-04-01 21:03:54', null);
INSERT INTO `tb_newbee_mall_goods_info` VALUES ('10222', '福来恩 犬用体外驱虫滴剂 小型犬10kg以下 单支/1个月剂量 法国进口', '优质商品', '49', '/goods-img/shoppicpath11534226386_y.jpg', '/goods-img/shoppicpath11534226386_y.jpg', '商品介绍加载中...', '67', '67', '1000', '', '0', '0', '2020-04-01 21:03:54', '0', '2020-04-01 21:03:54', null);
INSERT INTO `tb_newbee_mall_goods_info` VALUES ('10223', '犬心保 犬用体内驱虫 口服 适用11kg以下小型犬 6粒整盒/6个月剂量 美国进口', '优质商品', '49', '/goods-img/shoppicpath11539864780_y.jpg', '/goods-img/shoppicpath11539864780_y.jpg', '商品介绍加载中...', '180', '180', '1000', '', '0', '0', '2020-04-01 21:03:54', '0', '2020-04-01 21:03:54', null);
INSERT INTO `tb_newbee_mall_goods_info` VALUES ('10224', '犬心保 犬用体内驱虫 口服 适用11kg以下小型犬 单粒/1个月剂量 美国进口', '优质商品', '49', '/goods-img/shoppicpath11540371540_y.jpg', '/goods-img/shoppicpath11540371540_y.jpg', '商品介绍加载中...', '34', '34', '1000', '', '0', '0', '2020-04-01 21:03:54', '0', '2020-04-01 21:03:54', null);
INSERT INTO `tb_newbee_mall_goods_info` VALUES ('10225', '福来恩 犬用体外驱虫滴剂 大型犬20-40kg 3支盒装/3个月剂量 法国进口', '优质商品', '49', '/goods-img/shoppicpath11540870889_y.jpg', '/goods-img/shoppicpath11540870889_y.jpg', '商品介绍加载中...', '219', '219', '1000', '', '0', '0', '2020-04-01 21:03:54', '0', '2020-04-01 21:03:54', null);
INSERT INTO `tb_newbee_mall_goods_info` VALUES ('10226', '福来恩 犬用体外驱虫滴剂 中型犬10-20kg 整盒3支装/3个月剂量 法国进口', '优质商品', '49', '/goods-img/shoppicpath11540274394_y.jpg', '/goods-img/shoppicpath11540274394_y.jpg', '商品介绍加载中...', '200', '200', '1000', '', '0', '0', '2020-04-01 21:03:54', '0', '2020-04-01 21:03:54', null);
INSERT INTO `tb_newbee_mall_goods_info` VALUES ('10227', '雷米高Ramical 犬猫体内驱虫 口服驱虫药 6片装 广谱抗虫', '优质商品', '49', '/goods-img/shoppicpath11569744437_y.jpg', '/goods-img/shoppicpath11569744437_y.jpg', '商品介绍加载中...', '35', '35', '1000', '', '0', '0', '2020-04-01 21:03:54', '0', '2020-04-01 21:03:54', null);
INSERT INTO `tb_newbee_mall_goods_info` VALUES ('10228', '雷米高Ramical 犬猫体内驱虫 口服驱虫药  1片装 广谱抗虫', '优质商品', '49', '/goods-img/shoppicpath11569744772_y.jpg', '/goods-img/shoppicpath11569744772_y.jpg', '商品介绍加载中...', '9', '9', '1000', '', '0', '0', '2020-04-01 21:03:54', '0', '2020-04-01 21:03:54', null);
INSERT INTO `tb_newbee_mall_goods_info` VALUES ('10229', '小宠EHD 犬猫体外驱虫 喷剂60ml', '优质商品', '49', '/goods-img/shoppicpath11542694048_y.jpg', '/goods-img/shoppicpath11542694048_y.jpg', '商品介绍加载中...', '35', '35', '1000', '', '0', '0', '2020-04-01 21:03:54', '0', '2020-04-01 21:03:54', null);
INSERT INTO `tb_newbee_mall_goods_info` VALUES ('10230', '福来恩 犬用体外驱虫滴剂  大型犬20-40kg/单支 1个月剂量 法国进口', '优质商品', '49', '/goods-img/shoppicpath11534226951_y.jpg', '/goods-img/shoppicpath11534226951_y.jpg', '商品介绍加载中...', '77', '77', '1000', '', '0', '0', '2020-04-01 21:03:54', '0', '2020-04-01 21:03:54', null);
INSERT INTO `tb_newbee_mall_goods_info` VALUES ('10231', '福来恩 犬猫体外驱虫喷剂 100ml  法国进口', '优质商品', '49', '/goods-img/shoppicpath11540539351_y.jpg', '/goods-img/shoppicpath11540539351_y.jpg', '商品介绍加载中...', '128', '128', '1000', '', '0', '0', '2020-04-01 21:03:55', '0', '2020-04-01 21:03:55', null);
INSERT INTO `tb_newbee_mall_goods_info` VALUES ('10232', '犬心保  犬用体内驱虫 口服 适用12kg-22kg中型犬 6粒整盒/6个月剂量 美国进口', '优质商品', '49', '/goods-img/shoppicpath11540871023_y.jpg', '/goods-img/shoppicpath11540871023_y.jpg', '商品介绍加载中...', '218', '218', '1000', '', '0', '0', '2020-04-01 21:03:55', '0', '2020-04-01 21:03:55', null);
INSERT INTO `tb_newbee_mall_goods_info` VALUES ('10233', '福来恩 犬用体外驱虫滴剂 中型犬10-20kg  单支/1个月剂量 法国进口', '优质商品', '49', '/goods-img/shoppicpath11534227900_y.jpg', '/goods-img/shoppicpath11534227900_y.jpg', '商品介绍加载中...', '71', '71', '1000', '优质商品', '0', '0', '2020-04-01 21:03:55', '0', '2020-04-01 21:03:55', null);
INSERT INTO `tb_newbee_mall_goods_info` VALUES ('10234', '福来恩 犬猫体外驱虫喷剂 250ml  法国进口', '优质商品', '49', '/goods-img/shoppicpath11540870855_y.jpg', '/goods-img/shoppicpath11540870855_y.jpg', '商品介绍加载中...', '228', '228', '1000', '', '0', '0', '2020-04-01 21:03:55', '0', '2020-04-01 21:03:55', null);
INSERT INTO `tb_newbee_mall_goods_info` VALUES ('10235', '犬心保  犬用体内驱虫 口服 适用23kg-45kg大型犬 6粒整盒/6个月剂量 美国进口', '优质商品', '49', '/goods-img/shoppicpath11540950925_y.jpg', '/goods-img/shoppicpath11540950925_y.jpg', '商品介绍加载中...', '268', '268', '1000', '', '0', '0', '2020-04-01 21:03:55', '0', '2020-04-01 21:03:55', null);
INSERT INTO `tb_newbee_mall_goods_info` VALUES ('10236', '犬心保 犬用体内驱虫 口服 适用12kg-22kg中型犬 单粒/1个月剂量 美国进口', '优质商品', '49', '/goods-img/shoppicpath11531128861_y.jpg', '/goods-img/shoppicpath11531128861_y.jpg', '商品介绍加载中...', '41', '41', '1000', '', '0', '0', '2020-04-01 21:03:55', '0', '2020-04-01 21:03:55', null);
INSERT INTO `tb_newbee_mall_goods_info` VALUES ('10237', '犬心保 犬用体内驱虫 口服 适用23kg-45kg大型犬 单粒/1个月剂量 美国进口', '优质商品', '49', '/goods-img/shoppicpath11531128998_y.jpg', '/goods-img/shoppicpath11531128998_y.jpg', '商品介绍加载中...', '49', '49', '996', '优质商品', '0', '0', '2020-04-01 21:03:55', '0', '2020-04-01 21:03:55', null);
INSERT INTO `tb_newbee_mall_goods_info` VALUES ('10238', '福来恩小型犬套装（犬心保滴剂套装）狗狗驱虫套装', '优质商品', '49', '/goods-img/shoppicpath11564559847_y.jpg', '/goods-img/shoppicpath11564559847_y.jpg', '商品介绍加载中...', '369', '369', '1000', '', '0', '0', '2020-04-01 21:03:55', '0', '2020-04-01 21:03:55', null);
INSERT INTO `tb_newbee_mall_goods_info` VALUES ('10239', '法国维克Virbac 必除项圈 狗狗体外驱虫防跳蚤 法国进口', '优质商品', '49', '/goods-img/shoppicpath11540871079_y.jpg', '/goods-img/shoppicpath11540871079_y.jpg', '商品介绍加载中...', '65', '65', '1000', '', '0', '0', '2020-04-01 21:03:55', '0', '2020-04-01 21:03:55', null);
INSERT INTO `tb_newbee_mall_goods_info` VALUES ('10240', '大宠爱 犬猫内外同驱 驱虫滴剂 2.5kg以下犬猫适用 15mg*3支盒装/3个月剂量  美国进口', '优质商品', '49', '/goods-img/shoppicpath11540536455_y.jpg', '/goods-img/shoppicpath11540536455_y.jpg', '商品介绍加载中...', '198', '198', '1000', '', '0', '0', '2020-04-01 21:03:55', '0', '2020-04-01 21:03:55', null);
INSERT INTO `tb_newbee_mall_goods_info` VALUES ('10241', '金丽高SolidGold 无谷物抗敏配方全猫粮 12磅/5.44kg 加版美版随机发货', '优质商品', '76', '/goods-img/shoppicpath11570697808_y.jpg', '/goods-img/shoppicpath11570697808_y.jpg', '商品介绍加载中...', '440', '440', '999', '', '0', '0', '2020-04-01 21:03:55', '0', '2020-04-01 21:03:55', null);
INSERT INTO `tb_newbee_mall_goods_info` VALUES ('10242', '卡比 无谷系列元素鲜鸡肉配方全猫粮10磅', '优质商品', '76', '/goods-img/shoppicpath11585049628_y.jpg', '/goods-img/shoppicpath11585049628_y.jpg', '商品介绍加载中...', '399', '399', '1000', '', '0', '0', '2020-04-01 21:03:55', '0', '2020-04-01 21:03:55', null);
INSERT INTO `tb_newbee_mall_goods_info` VALUES ('10243', '纽顿Nutram T22无谷系列去骨鸡肉火鸡肉全期猫粮 5.45kg 加拿大进口', '优质商品', '76', '/goods-img/shoppicpath11540360970_y.jpg', '/goods-img/shoppicpath11540360970_y.jpg', '商品介绍加载中...', '550', '550', '1000', '', '0', '0', '2020-04-01 21:03:55', '0', '2020-04-01 21:03:55', null);
INSERT INTO `tb_newbee_mall_goods_info` VALUES ('10244', '渴望Orijen 六种鲜鱼海藻配方全猫粮1.8kg', '优质商品', '76', '/goods-img/shoppicpath11562837065_y.jpg', '/goods-img/shoppicpath11562837065_y.jpg', '商品介绍加载中...', '320', '320', '1000', '', '0', '0', '2020-04-01 21:03:55', '0', '2020-04-01 21:03:55', null);
INSERT INTO `tb_newbee_mall_goods_info` VALUES ('10245', '纽顿Nutram T24无谷系列去骨鳟鱼三文鱼全期猫粮 5.45kg 加拿大进口', '优质商品', '76', '/goods-img/shoppicpath11540360935_y.jpg', '/goods-img/shoppicpath11540360935_y.jpg', '商品介绍加载中...', '550', '550', '1000', '', '0', '0', '2020-04-01 21:03:55', '0', '2020-04-01 21:03:55', null);
INSERT INTO `tb_newbee_mall_goods_info` VALUES ('10246', '纽顿Nutram T22无谷系列去骨鸡肉火鸡肉全期猫粮 1.5kg 加拿大进口', '优质商品', '76', '/goods-img/shoppicpath11540782994_y.jpg', '/goods-img/shoppicpath11540782994_y.jpg', '商品介绍加载中...', '198', '198', '1000', '', '0', '0', '2020-04-01 21:03:55', '0', '2020-04-01 21:03:55', null);
INSERT INTO `tb_newbee_mall_goods_info` VALUES ('10247', '纽顿Nutram T24无谷系列去骨鳟鱼三文鱼全期猫粮 1.5kg 加拿大进口', '优质商品', '76', '/goods-img/shoppicpath11540783030_y.jpg', '/goods-img/shoppicpath11540783030_y.jpg', '商品介绍加载中...', '198', '198', '1000', '', '0', '0', '2020-04-01 21:03:55', '0', '2020-04-01 21:03:55', null);
INSERT INTO `tb_newbee_mall_goods_info` VALUES ('10248', '滋益巅峰Ziwi peak 风干鸡肉猫粮400g 96%肉含量 新西兰进口', '优质商品', '76', '/goods-img/shoppicpath11541864553_y.jpg', '/goods-img/shoppicpath11541864553_y.jpg', '商品介绍加载中...', '190', '190', '1000', '', '0', '0', '2020-04-01 21:03:56', '0', '2020-04-01 21:03:56', null);
INSERT INTO `tb_newbee_mall_goods_info` VALUES ('10249', 'Primo 鸡肉三文鱼无谷低敏室内成猫粮 1.8kg 比利时进口', '优质商品', '76', '/goods-img/shoppicpath11536746759_y.jpg', '/goods-img/shoppicpath11536746759_y.jpg', '商品介绍加载中...', '169', '169', '1000', '', '0', '0', '2020-04-01 21:03:56', '0', '2020-04-01 21:03:56', null);
INSERT INTO `tb_newbee_mall_goods_info` VALUES ('10250', 'Instinct本能 无谷系列鸡肉配方全猫粮 11磅', '优质商品', '76', '/goods-img/shoppicpath11520593181_y.jpg', '/goods-img/shoppicpath11520593181_y.jpg', '商品介绍加载中...', '468', '468', '1000', '', '0', '0', '2020-04-01 21:03:56', '0', '2020-04-01 21:03:56', null);
INSERT INTO `tb_newbee_mall_goods_info` VALUES ('10251', '巴西淘淘 力派系列均衡成猫粮 1.5kg 巴西进口猫粮', '优质商品', '76', '/goods-img/shoppicpath11577080527_y.jpg', '/goods-img/shoppicpath11577080527_y.jpg', '商品介绍加载中...', '178', '178', '1000', '', '0', '0', '2020-04-01 21:03:56', '0', '2020-04-01 21:03:56', null);
INSERT INTO `tb_newbee_mall_goods_info` VALUES ('10252', '滋益巅峰Ziwi  peak风干鸡肉配方猫粮 1kg 96%肉含量 新西兰进口', '优质商品', '76', '/goods-img/shoppicpath11552893378_y.jpg', '/goods-img/shoppicpath11552893378_y.jpg', '商品介绍加载中...', '390', '390', '1000', '', '0', '0', '2020-04-01 21:03:56', '0', '2020-04-01 21:03:56', null);
INSERT INTO `tb_newbee_mall_goods_info` VALUES ('10253', '加拿大Carna 4加蔚加卉 低温烘培无谷鸡肉猫粮 4磅 1.81kg', '优质商品', '76', '/goods-img/shoppicpath11576637973_y.jpg', '/goods-img/shoppicpath11576637973_y.jpg', '商品介绍加载中...', '420', '420', '1000', '', '0', '0', '2020-04-01 21:03:56', '0', '2020-04-01 21:03:56', null);
INSERT INTO `tb_newbee_mall_goods_info` VALUES ('10254', '巴西淘淘 力派系列均衡幼猫粮 1.5kg 巴西进口猫粮', '优质商品', '76', '/goods-img/shoppicpath11540454803_y.jpg', '/goods-img/shoppicpath11540454803_y.jpg', '商品介绍加载中...', '186', '186', '996', '优质商品', '0', '0', '2020-04-01 21:03:56', '0', '2020-04-01 21:03:56', null);
INSERT INTO `tb_newbee_mall_goods_info` VALUES ('10255', 'Now Fresh 无谷幼猫粮 8磅 加拿大进口', '优质商品', '76', '/goods-img/shoppicpath11566201365_y.jpg', '/goods-img/shoppicpath11566201365_y.jpg', '商品介绍加载中...', '409', '409', '1000', '', '0', '0', '2020-04-01 21:03:56', '0', '2020-04-01 21:03:56', null);
INSERT INTO `tb_newbee_mall_goods_info` VALUES ('10256', '德国live 活性益生菌鸭肉成猫粮2kg原装进口粮', '优质商品', '76', '/goods-img/shoppicpath11540781228_y.jpg', '/goods-img/shoppicpath11540781228_y.jpg', '商品介绍加载中...', '240', '240', '1000', '', '0', '0', '2020-04-01 21:03:56', '0', '2020-04-01 21:03:56', null);
INSERT INTO `tb_newbee_mall_goods_info` VALUES ('10257', 'Primo 鸡肉三文鱼无谷低敏成猫粮 1.8kg 比利时进口', '优质商品', '76', '/goods-img/shoppicpath11537348601_y.jpg', '/goods-img/shoppicpath11537348601_y.jpg', '商品介绍加载中...', '169', '169', '1000', '', '0', '0', '2020-04-01 21:03:56', '0', '2020-04-01 21:03:56', null);
INSERT INTO `tb_newbee_mall_goods_info` VALUES ('10258', 'Primo 鸡肉三文鱼无谷低敏幼猫粮 1.8kg 比利时进口', '优质商品', '76', '/goods-img/shoppicpath11536746569_y.jpg', '/goods-img/shoppicpath11536746569_y.jpg', '商品介绍加载中...', '179', '179', '1000', '', '0', '0', '2020-04-01 21:03:56', '0', '2020-04-01 21:03:56', null);
INSERT INTO `tb_newbee_mall_goods_info` VALUES ('10259', 'Instinct本能 控制体重原食生鲜鸡肉猫粮 4.5磅 美国进口', '优质商品', '76', '/goods-img/shoppicpath11560742016_y.jpg', '/goods-img/shoppicpath11560742016_y.jpg', '商品介绍加载中...', '308', '308', '1000', '', '0', '0', '2020-04-01 21:03:56', '0', '2020-04-01 21:03:56', null);
INSERT INTO `tb_newbee_mall_goods_info` VALUES ('10260', '耐吉斯 羊肉三文鱼无谷全猫粮 1.5kg 新西兰进口', '优质商品', '76', '/goods-img/shoppicpath11559734605_y.jpg', '/goods-img/shoppicpath11559734605_y.jpg', '商品介绍加载中...', '180', '180', '1000', '', '0', '0', '2020-04-01 21:03:56', '0', '2020-04-01 21:03:56', null);
INSERT INTO `tb_newbee_mall_goods_info` VALUES ('10261', 'NEW AGE纽安吉经典幼兔粮1KG 替代乳配方', '优质商品', '77', '/goods-img/shoppicpath11562640392_y.jpg', '/goods-img/shoppicpath11562640392_y.jpg', '商品介绍加载中...', '15', '15', '1000', '', '0', '0', '2020-04-01 21:03:56', '0', '2020-04-01 21:03:56', null);
INSERT INTO `tb_newbee_mall_goods_info` VALUES ('10262', 'NEW AGE纽安吉 经典成兔粮1kg', '优质商品', '77', '/goods-img/shoppicpath11562640503_y.jpg', '/goods-img/shoppicpath11562640503_y.jpg', '商品介绍加载中...', '14', '14', '1000', '', '0', '0', '2020-04-01 21:03:56', '0', '2020-04-01 21:03:56', null);
INSERT INTO `tb_newbee_mall_goods_info` VALUES ('10263', '凯莉KY12私房兔粮全龄防球虫兔饲料2.5kg', '优质商品', '77', '/goods-img/shoppicpath11561521312_y.jpg', '/goods-img/shoppicpath11561521312_y.jpg', '商品介绍加载中...', '31', '31', '1000', '', '0', '0', '2020-04-01 21:03:56', '0', '2020-04-01 21:03:56', null);
INSERT INTO `tb_newbee_mall_goods_info` VALUES ('10264', '凯莉KY64 兔粮2.5kg有效除臭防球虫', '优质商品', '77', '/goods-img/shoppicpath11563256820_y.jpg', '/goods-img/shoppicpath11563256820_y.jpg', '商品介绍加载中...', '24', '24', '1000', '', '0', '0', '2020-04-01 21:03:56', '0', '2020-04-01 21:03:56', null);
INSERT INTO `tb_newbee_mall_goods_info` VALUES ('10265', 'NEW AGE纽安吉全日美毛除臭蔬果兔粮2.75kg', '优质商品', '77', '/goods-img/shoppicpath11562640330_y.jpg', '/goods-img/shoppicpath11562640330_y.jpg', '商品介绍加载中...', '59', '59', '1000', '', '0', '0', '2020-04-01 21:03:56', '0', '2020-04-01 21:03:56', null);
INSERT INTO `tb_newbee_mall_goods_info` VALUES ('10266', 'New Age小动物提摩西草饼100g', '优质商品', '77', '/goods-img/shoppicpath11562826286_y.jpg', '/goods-img/shoppicpath11562826286_y.jpg', '商品介绍加载中...', '16', '16', '1000', '', '0', '0', '2020-04-01 21:03:57', '0', '2020-04-01 21:03:57', null);
INSERT INTO `tb_newbee_mall_goods_info` VALUES ('10267', 'NEW AGE健康宠兔粮2.75kg(全龄段)', '优质商品', '77', '/goods-img/shoppicpath11562826472_y.jpg', '/goods-img/shoppicpath11562826472_y.jpg', '商品介绍加载中...', '33', '33', '1000', '', '0', '0', '2020-04-01 21:03:57', '0', '2020-04-01 21:03:57', null);
INSERT INTO `tb_newbee_mall_goods_info` VALUES ('10268', 'NEW AGE纽安吉全日美毛蔬果兔粮800g', '优质商品', '77', '/goods-img/shoppicpath11562640266_y.jpg', '/goods-img/shoppicpath11562640266_y.jpg', '商品介绍加载中...', '19', '19', '1000', '', '0', '0', '2020-04-01 21:03:57', '0', '2020-04-01 21:03:57', null);
INSERT INTO `tb_newbee_mall_goods_info` VALUES ('10269', '高纤提摩西草干草牧草兔子龙猫豚鼠 提摩西草454g', '优质商品', '77', '/goods-img/shoppicpath11562827260_y.jpg', '/goods-img/shoppicpath11562827260_y.jpg', '商品介绍加载中...', '12', '12', '1000', '', '0', '0', '2020-04-01 21:03:57', '0', '2020-04-01 21:03:57', null);
INSERT INTO `tb_newbee_mall_goods_info` VALUES ('10270', 'New Age特优提摩西草段800g', '优质商品', '77', '/goods-img/shoppicpath11562826684_y.jpg', '/goods-img/shoppicpath11562826684_y.jpg', '商品介绍加载中...', '29', '29', '1000', '', '0', '0', '2020-04-01 21:03:57', '0', '2020-04-01 21:03:57', null);
INSERT INTO `tb_newbee_mall_goods_info` VALUES ('10271', 'Minishow 迷你秀一番割提摩西草400g', '优质商品', '77', '/goods-img/shoppicpath11562831244_y.jpg', '/goods-img/shoppicpath11562831244_y.jpg', '商品介绍加载中...', '18', '18', '1000', '', '0', '0', '2020-04-01 21:03:57', '0', '2020-04-01 21:03:57', null);
INSERT INTO `tb_newbee_mall_goods_info` VALUES ('10272', '豚鼠仓鼠金丝熊兔子零食 混粮主粮伴侣纯生小油葵100g', '优质商品', '77', '/goods-img/shoppicpath11562829727_y.jpg', '/goods-img/shoppicpath11562829727_y.jpg', '商品介绍加载中...', '4', '4', '1000', '', '0', '0', '2020-04-01 21:03:57', '0', '2020-04-01 21:03:57', null);
INSERT INTO `tb_newbee_mall_goods_info` VALUES ('10273', '哈姆小宠 综合全龄兔粮2.5kg', '优质商品', '77', '/goods-img/shoppicpath11562826856_y.jpg', '/goods-img/shoppicpath11562826856_y.jpg', '商品介绍加载中...', '25', '25', '1000', '', '0', '0', '2020-04-01 21:03:57', '0', '2020-04-01 21:03:57', null);
INSERT INTO `tb_newbee_mall_goods_info` VALUES ('10274', '哈姆小宠 优质龙猫豚鼠牧草 兔子荷兰猪牧草 苜蓿草段454g', '优质商品', '77', '/goods-img/shoppicpath11562827048_y.jpg', '/goods-img/shoppicpath11562827048_y.jpg', '商品介绍加载中...', '12', '12', '1000', '', '0', '0', '2020-04-01 21:03:57', '0', '2020-04-01 21:03:57', null);
INSERT INTO `tb_newbee_mall_goods_info` VALUES ('10275', '牧草提摩西草兔子龙猫荷兰猪提摩西草提木西提草兔草兔粮牧干草454g', '优质商品', '77', '/goods-img/shoppicpath11562827116_y.jpg', '/goods-img/shoppicpath11562827116_y.jpg', '商品介绍加载中...', '19', '19', '1000', '', '0', '0', '2020-04-01 21:03:57', '0', '2020-04-01 21:03:57', null);
INSERT INTO `tb_newbee_mall_goods_info` VALUES ('10276', '洁西Jessie 牧草菁华草本宠兔粮 0.8kg 富含16种食材 磨牙健齿', '优质商品', '77', '/goods-img/shoppicpath11568799859_y.jpg', '/goods-img/shoppicpath11568799859_y.jpg', '商品介绍加载中...', '18', '18', '1000', '', '0', '0', '2020-04-01 21:03:57', '0', '2020-04-01 21:03:57', null);
INSERT INTO `tb_newbee_mall_goods_info` VALUES ('10277', 'JESSIE 苜蓿草块 500g 兔子仓鼠磨牙 富含粗纤维', '优质商品', '77', '/goods-img/shoppicpath11571383123_y.jpg', '/goods-img/shoppicpath11571383123_y.jpg', '商品介绍加载中...', '10', '10', '1000', '', '0', '0', '2020-04-01 21:03:57', '0', '2020-04-01 21:03:57', null);
INSERT INTO `tb_newbee_mall_goods_info` VALUES ('10278', '洁西Jessie 牧草菁华苜蓿草兔粮兔草 1kg 杆细易磨牙', '优质商品', '77', '/goods-img/shoppicpath11571370370_y.jpg', '/goods-img/shoppicpath11571370370_y.jpg', '商品介绍加载中...', '38', '38', '1000', '优质商品', '0', '0', '2020-04-01 21:03:57', '0', '2020-04-01 21:03:57', null);
INSERT INTO `tb_newbee_mall_goods_info` VALUES ('10279', '洁西Jessie 洛基山脉梯牧草兔粮 500g 调理肠胃 助消化', '优质商品', '77', '/goods-img/shoppicpath11571369985_y.jpg', '/goods-img/shoppicpath11571369985_y.jpg', '商品介绍加载中...', '18', '18', '998', '优质商品', '0', '0', '2020-04-01 21:03:57', '0', '2020-04-01 21:03:57', null);
INSERT INTO `tb_newbee_mall_goods_info` VALUES ('10280', '洁西Jessie 牧草菁华小麦苗兔粮 500g 富含纤维 助排毛', '优质商品', '77', '/goods-img/shoppicpath11571370658_y.jpg', '/goods-img/shoppicpath11571370658_y.jpg', '商品介绍加载中...', '25', '25', '1000', '', '0', '0', '2020-04-01 21:03:57', '0', '2020-04-01 21:03:57', null);
INSERT INTO `tb_newbee_mall_goods_info` VALUES ('10281', '聚宝源 H240鱼缸', '优质商品', '78', '/goods-img/shoppicpath11562830166_y.jpg', '/goods-img/shoppicpath11562830166_y.jpg', '商品介绍加载中...', '89', '89', '1000', '', '0', '0', '2020-04-01 21:03:57', '0', '2020-04-01 21:03:57', null);
INSERT INTO `tb_newbee_mall_goods_info` VALUES ('10282', '聚宝源鱼缸S240', '优质商品', '78', '/goods-img/shoppicpath11563248546_y.jpg', '/goods-img/shoppicpath11563248546_y.jpg', '商品介绍加载中...', '89', '89', '1000', '', '0', '0', '2020-04-01 21:03:58', '0', '2020-04-01 21:03:58', null);
INSERT INTO `tb_newbee_mall_goods_info` VALUES ('10283', '聚宝源 超白玻璃鱼缸乌龟缸草缸金鱼缸 JKL380', '优质商品', '78', '/goods-img/shoppicpath11536305230_y.jpg', '/goods-img/shoppicpath11536305230_y.jpg', '商品介绍加载中...', '98', '98', '1000', '', '0', '0', '2020-04-01 21:03:58', '0', '2020-04-01 21:03:58', null);
INSERT INTO `tb_newbee_mall_goods_info` VALUES ('10284', '聚宝源 超白玻璃鱼缸乌龟缸草缸金鱼缸 JKL320', '优质商品', '78', '/goods-img/shoppicpath11536305164_y.jpg', '/goods-img/shoppicpath11536305164_y.jpg', '商品介绍加载中...', '85', '85', '1000', '', '0', '0', '2020-04-01 21:03:58', '0', '2020-04-01 21:03:58', null);
INSERT INTO `tb_newbee_mall_goods_info` VALUES ('10285', '聚宝源 超白玻璃鱼缸乌龟缸草缸金鱼缸 JBY-600', '优质商品', '78', '/goods-img/shoppicpath11536306174_y.jpg', '/goods-img/shoppicpath11536306174_y.jpg', '商品介绍加载中...', '249', '249', '1000', '', '0', '0', '2020-04-01 21:03:58', '0', '2020-04-01 21:03:58', null);
INSERT INTO `tb_newbee_mall_goods_info` VALUES ('10286', '聚宝源 超白玻璃鱼缸乌龟缸草缸金鱼缸 JKL250', '优质商品', '78', '/goods-img/shoppicpath11536305095_y.jpg', '/goods-img/shoppicpath11536305095_y.jpg', '商品介绍加载中...', '80', '80', '1000', '', '0', '0', '2020-04-01 21:03:58', '0', '2020-04-01 21:03:58', null);
INSERT INTO `tb_newbee_mall_goods_info` VALUES ('10287', '聚宝源 超白玻璃鱼缸乌龟缸草缸金鱼缸 JBY-400', '优质商品', '78', '/goods-img/shoppicpath11536305909_y.jpg', '/goods-img/shoppicpath11536305909_y.jpg', '商品介绍加载中...', '141', '141', '1000', '', '0', '0', '2020-04-01 21:03:58', '0', '2020-04-01 21:03:58', null);
INSERT INTO `tb_newbee_mall_goods_info` VALUES ('10288', '聚宝源 超白玻璃鱼缸乌龟缸草缸金鱼缸 JBY-200', '优质商品', '78', '/goods-img/shoppicpath11536305463_y.jpg', '/goods-img/shoppicpath11536305463_y.jpg', '商品介绍加载中...', '59', '59', '1000', '', '0', '0', '2020-04-01 21:03:58', '0', '2020-04-01 21:03:58', null);
INSERT INTO `tb_newbee_mall_goods_info` VALUES ('10289', '水作  水族箱鱼缸含潜水泵 多款可选', '优质商品', '78', '/goods-img/shoppicpath11419675481_y.jpg', '/goods-img/shoppicpath11419675481_y.jpg', '商品介绍加载中...', '199', '199', '1000', '', '0', '0', '2020-04-01 21:03:58', '0', '2020-04-01 21:03:58', null);
INSERT INTO `tb_newbee_mall_goods_info` VALUES ('10290', '聚宝源 超白玻璃鱼缸乌龟缸草缸金鱼缸 JBY-500', '优质商品', '78', '/goods-img/shoppicpath11536306136_y.jpg', '/goods-img/shoppicpath11536306136_y.jpg', '商品介绍加载中...', '183', '183', '1000', '', '0', '0', '2020-04-01 21:03:58', '0', '2020-04-01 21:03:58', null);
INSERT INTO `tb_newbee_mall_goods_info` VALUES ('10291', '聚宝源 玻璃乌龟缸带爬梯晒台 40*27*25', '优质商品', '78', '/goods-img/shoppicpath11531794911_y.jpg', '/goods-img/shoppicpath11531794911_y.jpg', '商品介绍加载中...', '100', '100', '1000', '', '0', '0', '2020-04-01 21:03:58', '0', '2020-04-01 21:03:58', null);
INSERT INTO `tb_newbee_mall_goods_info` VALUES ('10292', '聚宝源 玻璃乌龟缸带爬梯晒台 20*16*15', '优质商品', '78', '/goods-img/shoppicpath11531792807_y.jpg', '/goods-img/shoppicpath11531792807_y.jpg', '商品介绍加载中...', '32', '32', '1000', '', '0', '0', '2020-04-01 21:03:58', '0', '2020-04-01 21:03:58', null);
INSERT INTO `tb_newbee_mall_goods_info` VALUES ('10293', '聚宝源 玻璃乌龟缸带爬梯晒台 30*20*18', '优质商品', '78', '/goods-img/shoppicpath11531794418_y.jpg', '/goods-img/shoppicpath11531794418_y.jpg', '商品介绍加载中...', '61', '61', '1000', '', '0', '0', '2020-04-01 21:03:58', '0', '2020-04-01 21:03:58', null);
INSERT INTO `tb_newbee_mall_goods_info` VALUES ('10294', '聚宝源 玻璃乌龟缸带爬梯晒台 35*23*20', '优质商品', '78', '/goods-img/shoppicpath11531794690_y.jpg', '/goods-img/shoppicpath11531794690_y.jpg', '商品介绍加载中...', '70', '70', '1000', '', '0', '0', '2020-04-01 21:03:58', '0', '2020-04-01 21:03:58', null);
INSERT INTO `tb_newbee_mall_goods_info` VALUES ('10295', '聚宝源鱼缸水族箱S400-白色', '优质商品', '78', '/goods-img/shoppicpath11495185994_y.jpg', '/goods-img/shoppicpath11495185994_y.jpg', '商品介绍加载中...', '138', '138', '1000', '', '0', '0', '2020-04-01 21:03:58', '0', '2020-04-01 21:03:58', null);
INSERT INTO `tb_newbee_mall_goods_info` VALUES ('10296', '聚宝源 H400鱼缸', '优质商品', '78', '/goods-img/shoppicpath11536049634_y.jpg', '/goods-img/shoppicpath11536049634_y.jpg', '商品介绍加载中...', '170', '170', '1000', '', '0', '0', '2020-04-01 21:03:58', '0', '2020-04-01 21:03:58', null);
INSERT INTO `tb_newbee_mall_goods_info` VALUES ('10297', '聚宝源鱼缸水族箱S-400白色鱼缸+布景套餐', '优质商品', '78', '/goods-img/shoppicpath11495190345_y.jpg', '/goods-img/shoppicpath11495190345_y.jpg', '商品介绍加载中...', '205', '205', '1000', '', '0', '0', '2020-04-01 21:03:59', '0', '2020-04-01 21:03:59', null);
INSERT INTO `tb_newbee_mall_goods_info` VALUES ('10298', '聚宝源 H500鱼缸', '优质商品', '78', '/goods-img/shoppicpath11536049807_y.jpg', '/goods-img/shoppicpath11536049807_y.jpg', '商品介绍加载中...', '240', '240', '1000', '', '0', '0', '2020-04-01 21:03:59', '0', '2020-04-01 21:03:59', null);
INSERT INTO `tb_newbee_mall_goods_info` VALUES ('10299', '聚宝源 H600鱼缸', '优质商品', '78', '/goods-img/shoppicpath11536049942_y.jpg', '/goods-img/shoppicpath11536049942_y.jpg', '商品介绍加载中...', '320', '320', '1000', '', '0', '0', '2020-04-01 21:03:59', '0', '2020-04-01 21:03:59', null);
INSERT INTO `tb_newbee_mall_goods_info` VALUES ('10300', '聚宝源鱼缸S240鱼缸+布景套餐', '优质商品', '78', '/goods-img/shoppicpath11502957319_y.jpg', '/goods-img/shoppicpath11502957319_y.jpg', '商品介绍加载中...', '125', '125', '1000', '', '0', '0', '2020-04-01 21:03:59', '0', '2020-04-01 21:03:59', null);
INSERT INTO `tb_newbee_mall_goods_info` VALUES ('10301', '伊丽Elite 陶瓷碗浅口 卡通猫狗食盆', '优质商品', '111', '/goods-img/shoppicpath11583814642_y.jpg', '/goods-img/shoppicpath11583814642_y.jpg', '商品介绍加载中...', '21', '21', '1000', '', '0', '0', '2020-04-01 21:03:59', '0', '2020-04-01 21:03:59', null);
INSERT INTO `tb_newbee_mall_goods_info` VALUES ('10302', '爱丽思IRIS 自动喂食喂水器  猫狗通用', '优质商品', '111', '/goods-img/shoppicpath11540540237_y.jpg', '/goods-img/shoppicpath11540540237_y.jpg', '商品介绍加载中...', '48', '48', '1000', '', '0', '0', '2020-04-01 21:03:59', '0', '2020-04-01 21:03:59', null);
INSERT INTO `tb_newbee_mall_goods_info` VALUES ('10303', 'AFP 宠物活氧循环自动饮水机 2.1L', '优质商品', '111', '/goods-img/shoppicpath11544600111_y.jpg', '/goods-img/shoppicpath11544600111_y.jpg', '商品介绍加载中...', '98', '98', '1000', '', '0', '0', '2020-04-01 21:03:59', '0', '2020-04-01 21:03:59', null);
INSERT INTO `tb_newbee_mall_goods_info` VALUES ('10304', '捣蛋鬼 壁挂式宠物弹珠饮水壶 500ml水容量', '优质商品', '111', '/goods-img/shoppicpath11434089007_y.jpg', '/goods-img/shoppicpath11434089007_y.jpg', '商品介绍加载中...', '8', '8', '1000', '', '0', '0', '2020-04-01 21:03:59', '0', '2020-04-01 21:03:59', null);
INSERT INTO `tb_newbee_mall_goods_info` VALUES ('10305', '捣蛋鬼 狗猫粮喂食勺子粮铲', '优质商品', '111', '/goods-img/shoppicpath11394682992_y.jpg', '/goods-img/shoppicpath11394682992_y.jpg', '商品介绍加载中...', '2', '2', '1000', '', '0', '0', '2020-04-01 21:03:59', '0', '2020-04-01 21:03:59', null);
INSERT INTO `tb_newbee_mall_goods_info` VALUES ('10306', '怡亲Yoken 零食主粮袋子封口夹 保鲜防潮', '优质商品', '111', '/goods-img/shoppicpath11523946850_y.jpg', '/goods-img/shoppicpath11523946850_y.jpg', '商品介绍加载中...', '12', '12', '1000', '', '0', '0', '2020-04-01 21:03:59', '0', '2020-04-01 21:03:59', null);
INSERT INTO `tb_newbee_mall_goods_info` VALUES ('10307', '怡亲Yoken  宠物自动饮水器 猫狗通用', '优质商品', '111', '/goods-img/shoppicpath11540540453_y.jpg', '/goods-img/shoppicpath11540540453_y.jpg', '商品介绍加载中...', '20', '20', '1000', '', '0', '0', '2020-04-01 21:03:59', '0', '2020-04-01 21:03:59', null);
INSERT INTO `tb_newbee_mall_goods_info` VALUES ('10308', 'AFP 宠物活氧饮水机专用滤芯棉 2片装', '优质商品', '111', '/goods-img/shoppicpath11561528116_y.jpg', '/goods-img/shoppicpath11561528116_y.jpg', '商品介绍加载中...', '9', '9', '1000', '', '0', '0', '2020-04-01 21:03:59', '0', '2020-04-01 21:03:59', null);
INSERT INTO `tb_newbee_mall_goods_info` VALUES ('10309', '怡亲Yoken  宠物自动喂食器 猫狗通用', '优质商品', '111', '/goods-img/shoppicpath11540540489_y.jpg', '/goods-img/shoppicpath11540540489_y.jpg', '商品介绍加载中...', '20', '20', '1000', '', '0', '0', '2020-04-01 21:03:59', '0', '2020-04-01 21:03:59', null);
INSERT INTO `tb_newbee_mall_goods_info` VALUES ('10310', '怡亲 宠物储粮桶容量5kg', '优质商品', '111', '/goods-img/shoppicpath11540890657_y.jpg', '/goods-img/shoppicpath11540890657_y.jpg', '商品介绍加载中...', '45', '45', '1000', '', '0', '0', '2020-04-01 21:03:59', '0', '2020-04-01 21:03:59', null);
INSERT INTO `tb_newbee_mall_goods_info` VALUES ('10311', '捣蛋鬼 狗粮猫粮封口夹密封夹 封袋夹 大号', '优质商品', '111', '/goods-img/shoppicpath11440054406_y.jpg', '/goods-img/shoppicpath11440054406_y.jpg', '商品介绍加载中...', '2', '2', '1000', '', '0', '0', '2020-04-01 21:03:59', '0', '2020-04-01 21:03:59', null);
INSERT INTO `tb_newbee_mall_goods_info` VALUES ('10312', '中恒 半圆防溢碗 猫狗通用', '优质商品', '111', '/goods-img/shoppicpath31569814749_y.jpg', '/goods-img/shoppicpath31569814749_y.jpg', '商品介绍加载中...', '4', '4', '1000', '', '0', '0', '2020-04-01 21:03:59', '0', '2020-04-01 21:03:59', null);
INSERT INTO `tb_newbee_mall_goods_info` VALUES ('10313', 'Pawise 可定时宠物自动喂食器', '优质商品', '111', '/goods-img/shoppicpath11569406573_y.jpg', '/goods-img/shoppicpath11569406573_y.jpg', '商品介绍加载中...', '52', '52', '1000', '', '0', '0', '2020-04-01 21:03:59', '0', '2020-04-01 21:03:59', null);
INSERT INTO `tb_newbee_mall_goods_info` VALUES ('10314', '爱丽思IRIS 密封干粮存储器储粮桶', '优质商品', '111', '/goods-img/shoppicpath11540540300_y.jpg', '/goods-img/shoppicpath11540540300_y.jpg', '商品介绍加载中...', '58', '58', '1000', '', '0', '0', '2020-04-01 21:04:00', '0', '2020-04-01 21:04:00', null);
INSERT INTO `tb_newbee_mall_goods_info` VALUES ('10315', '捣蛋鬼 狗粮猫粮封口夹密封夹 封袋夹 小号', '优质商品', '111', '/goods-img/shoppicpath11440055221_y.jpg', '/goods-img/shoppicpath11440055221_y.jpg', '商品介绍加载中...', '1', '1', '1000', '', '0', '0', '2020-04-01 21:04:00', '0', '2020-04-01 21:04:00', null);
INSERT INTO `tb_newbee_mall_goods_info` VALUES ('10316', '爱丽思IRIS 宠物食盆食钵多款多色可选', '优质商品', '111', '/goods-img/shoppicpath11413512212_y.jpg', '/goods-img/shoppicpath11413512212_y.jpg', '商品介绍加载中...', '15', '15', '1000', '', '0', '0', '2020-04-01 21:04:00', '0', '2020-04-01 21:04:00', null);
INSERT INTO `tb_newbee_mall_goods_info` VALUES ('10317', '中恒 宠物自动喂水器 犬猫通用', '优质商品', '111', '/goods-img/shoppicpath11540458155_y.jpg', '/goods-img/shoppicpath11540458155_y.jpg', '商品介绍加载中...', '19', '19', '1000', '', '0', '0', '2020-04-01 21:04:00', '0', '2020-04-01 21:04:00', null);
INSERT INTO `tb_newbee_mall_goods_info` VALUES ('10318', '捣蛋鬼 猫狗通用时尚双鱼碗宠物食盆', '优质商品', '111', '/goods-img/shoppicpath21569826399_y.jpg', '/goods-img/shoppicpath21569826399_y.jpg', '商品介绍加载中...', '12', '12', '1000', '', '0', '0', '2020-04-01 21:04:00', '0', '2020-04-01 21:04:00', null);
INSERT INTO `tb_newbee_mall_goods_info` VALUES ('10319', '美国酷极Kyjen 益智时尚狗狗慢食碗狗饭碗缓食碗 多规格', '优质商品', '111', '/goods-img/shoppicpath11569407453_y.jpg', '/goods-img/shoppicpath11569407453_y.jpg', '商品介绍加载中...', '69', '69', '1000', '', '0', '0', '2020-04-01 21:04:00', '0', '2020-04-01 21:04:00', null);
INSERT INTO `tb_newbee_mall_goods_info` VALUES ('10320', '捣蛋鬼 优质塑料猫狗粮量杯', '优质商品', '111', '/goods-img/shoppicpath31394682883_y.jpg', '/goods-img/shoppicpath31394682883_y.jpg', '商品介绍加载中...', '5', '5', '998', '', '0', '0', '2020-04-01 21:04:00', '0', '2020-04-01 21:04:00', null);
INSERT INTO `tb_newbee_mall_goods_info` VALUES ('10321', '怡亲 椭圆舒适短毛绒猫窝狗窝', '优质商品', '112', '/goods-img/shoppicpath11524218731_y.jpg', '/goods-img/shoppicpath11524218731_y.jpg', '商品介绍加载中...', '20', '20', '1000', '', '0', '0', '2020-04-01 21:04:00', '0', '2020-04-01 21:04:00', null);
INSERT INTO `tb_newbee_mall_goods_info` VALUES ('10322', '怡亲Yoken 柔软海绵凝胶宠物方形冰垫', '优质商品', '112', '/goods-img/shoppicpath11527666462_y.jpg', '/goods-img/shoppicpath11527666462_y.jpg', '商品介绍加载中...', '18', '18', '1000', '', '0', '0', '2020-04-01 21:04:00', '0', '2020-04-01 21:04:00', null);
INSERT INTO `tb_newbee_mall_goods_info` VALUES ('10323', '中恒 塑料宠物窝赠软棉垫睡觉洗澡两用 猫狗通用', '优质商品', '112', '/goods-img/shoppicpath11573118729_y.jpg', '/goods-img/shoppicpath11573118729_y.jpg', '商品介绍加载中...', '39', '39', '1000', '', '0', '0', '2020-04-01 21:04:00', '0', '2020-04-01 21:04:00', null);
INSERT INTO `tb_newbee_mall_goods_info` VALUES ('10324', '伊丽Elite  柔软舒适宠物垫子 猫狗通用窝', '优质商品', '112', '/goods-img/shoppicpath11572604007_y.jpg', '/goods-img/shoppicpath11572604007_y.jpg', '商品介绍加载中...', '18', '18', '1000', '', '0', '0', '2020-04-01 21:04:00', '0', '2020-04-01 21:04:00', null);
INSERT INTO `tb_newbee_mall_goods_info` VALUES ('10325', '伊丽Elite 圆点宠物垫子 适用中小型犬', '优质商品', '112', '/goods-img/shoppicpath11540891600_y.jpg', '/goods-img/shoppicpath11540891600_y.jpg', '商品介绍加载中...', '36', '36', '1000', '', '0', '0', '2020-04-01 21:04:00', '0', '2020-04-01 21:04:00', null);
INSERT INTO `tb_newbee_mall_goods_info` VALUES ('10326', '伊丽 素色五角星印花系列圆猫窝蓝色 狗窝 柔软不掉毛', '优质商品', '112', '/goods-img/shoppicpath11570507118_y.jpg', '/goods-img/shoppicpath11570507118_y.jpg', '商品介绍加载中...', '33', '33', '1000', '', '0', '0', '2020-04-01 21:04:00', '0', '2020-04-01 21:04:00', null);
INSERT INTO `tb_newbee_mall_goods_info` VALUES ('10327', '怡亲Yoken 橙子造型宠物冰垫 猫狗通用', '优质商品', '112', '/goods-img/shoppicpath11540469832_y.jpg', '/goods-img/shoppicpath11540469832_y.jpg', '商品介绍加载中...', '29', '29', '1000', '', '0', '0', '2020-04-01 21:04:00', '0', '2020-04-01 21:04:00', null);
INSERT INTO `tb_newbee_mall_goods_info` VALUES ('10328', '怡亲 枣红竖条纹配红色短毛绒狗窝', '优质商品', '112', '/goods-img/shoppicpath11524101788_y.jpg', '/goods-img/shoppicpath11524101788_y.jpg', '商品介绍加载中...', '39', '39', '1000', '', '0', '0', '2020-04-01 21:04:00', '0', '2020-04-01 21:04:00', null);
INSERT INTO `tb_newbee_mall_goods_info` VALUES ('10329', '捣蛋鬼 可折叠宠物栅栏围栏 狗狗笼子 超大空间', '优质商品', '112', '/goods-img/shoppicpath11563790576_y.jpg', '/goods-img/shoppicpath11563790576_y.jpg', '商品介绍加载中...', '63', '63', '1000', '', '0', '0', '2020-04-01 21:04:00', '0', '2020-04-01 21:04:00', null);
INSERT INTO `tb_newbee_mall_goods_info` VALUES ('10330', '怡亲Yoken 可折叠铁丝宠物笼 犬猫通用', '优质商品', '112', '/goods-img/shoppicpath11524127746_y.jpg', '/goods-img/shoppicpath11524127746_y.jpg', '商品介绍加载中...', '55', '55', '1000', '', '0', '0', '2020-04-01 21:04:01', '0', '2020-04-01 21:04:01', null);
INSERT INTO `tb_newbee_mall_goods_info` VALUES ('10331', '怡亲Yoken 可拆洗凉席垫 植物纤维 爽肤透气 猫狗通用', '优质商品', '112', '/goods-img/shoppicpath11522837553_y.jpg', '/goods-img/shoppicpath11522837553_y.jpg', '商品介绍加载中...', '25', '25', '1000', '', '0', '0', '2020-04-01 21:04:01', '0', '2020-04-01 21:04:01', null);
INSERT INTO `tb_newbee_mall_goods_info` VALUES ('10332', '伊丽 Elite 素雅牛津布窝  猫狗通用', '优质商品', '112', '/goods-img/shoppicpath11540891771_y.jpg', '/goods-img/shoppicpath11540891771_y.jpg', '商品介绍加载中...', '42', '42', '1000', '', '0', '0', '2020-04-01 21:04:01', '0', '2020-04-01 21:04:01', null);
INSERT INTO `tb_newbee_mall_goods_info` VALUES ('10333', '怡亲Yoken 小型犬用铁丝围栏六片装', '优质商品', '112', '/goods-img/shoppicpath11523516444_y.jpg', '/goods-img/shoppicpath11523516444_y.jpg', '商品介绍加载中...', '99', '99', '1000', '', '0', '0', '2020-04-01 21:04:01', '0', '2020-04-01 21:04:01', null);
INSERT INTO `tb_newbee_mall_goods_info` VALUES ('10334', '捣蛋鬼 尖顶狗笼子 中小型犬宠物窝', '优质商品', '112', '/goods-img/shoppicpath41561038505_y.jpg', '/goods-img/shoppicpath41561038505_y.jpg', '商品介绍加载中...', '225', '225', '1000', '', '0', '0', '2020-04-01 21:04:01', '0', '2020-04-01 21:04:01', null);
INSERT INTO `tb_newbee_mall_goods_info` VALUES ('10335', '怡亲 可爱竖耳朵宠物窝 全可拆洗', '优质商品', '112', '/goods-img/shoppicpath11540891699_y.jpg', '/goods-img/shoppicpath11540891699_y.jpg', '商品介绍加载中...', '59', '59', '1000', '', '0', '0', '2020-04-01 21:04:01', '0', '2020-04-01 21:04:01', null);
INSERT INTO `tb_newbee_mall_goods_info` VALUES ('10336', '怡亲Yoken  狗用咖啡宠物柔暖窝 窝垫分离', '优质商品', '112', '/goods-img/shoppicpath11540350061_y.jpg', '/goods-img/shoppicpath11540350061_y.jpg', '商品介绍加载中...', '59', '59', '1000', '', '0', '0', '2020-04-01 21:04:01', '0', '2020-04-01 21:04:01', null);
INSERT INTO `tb_newbee_mall_goods_info` VALUES ('10337', '怡亲 蓝色竖条纹配蓝色麂皮绒狗窝 全可拆洗', '优质商品', '112', '/goods-img/shoppicpath11524101759_y.jpg', '/goods-img/shoppicpath11524101759_y.jpg', '商品介绍加载中...', '59', '59', '1000', '', '0', '0', '2020-04-01 21:04:01', '0', '2020-04-01 21:04:01', null);
INSERT INTO `tb_newbee_mall_goods_info` VALUES ('10338', '怡亲Yoken 西瓜造型宠物冰垫', '优质商品', '112', '/goods-img/shoppicpath11540469890_y.jpg', '/goods-img/shoppicpath11540469890_y.jpg', '商品介绍加载中...', '29', '29', '1000', '', '0', '0', '2020-04-01 21:04:01', '0', '2020-04-01 21:04:01', null);
INSERT INTO `tb_newbee_mall_goods_info` VALUES ('10339', '捣蛋鬼 蛋形宠物窝 内附海绵垫、网格垫', '优质商品', '112', '/goods-img/shoppicpath21571380244_y.jpg', '/goods-img/shoppicpath21571380244_y.jpg', '商品介绍加载中...', '108', '108', '1000', '', '0', '0', '2020-04-01 21:04:01', '0', '2020-04-01 21:04:01', null);
INSERT INTO `tb_newbee_mall_goods_info` VALUES ('10340', '伊丽Elite  圆点可爱保暖圆形狗窝 猫窝 秋冬保暖', '优质商品', '112', '/goods-img/shoppicpath11573119924_y.jpg', '/goods-img/shoppicpath11573119924_y.jpg', '商品介绍加载中...', '62', '62', '1000', '', '0', '0', '2020-04-01 21:04:01', '0', '2020-04-01 21:04:01', null);
INSERT INTO `tb_newbee_mall_goods_info` VALUES ('10341', '怡亲Yoken 狗尿片 强力吸水', '优质商品', '113', '/goods-img/shoppicpath11540893008_y.jpg', '/goods-img/shoppicpath11540893008_y.jpg', '商品介绍加载中...', '16', '16', '1000', '', '0', '0', '2020-04-01 21:04:01', '0', '2020-04-01 21:04:01', null);
INSERT INTO `tb_newbee_mall_goods_info` VALUES ('10342', '怡亲Yoken 狗狗训导尿片', '优质商品', '113', '/goods-img/shoppicpath11554806708_y.jpg', '/goods-img/shoppicpath11554806708_y.jpg', '商品介绍加载中...', '19', '19', '1000', '', '0', '0', '2020-04-01 21:04:01', '0', '2020-04-01 21:04:01', null);
INSERT INTO `tb_newbee_mall_goods_info` VALUES ('10343', '多可特 宠物尿片整包', '优质商品', '113', '/goods-img/shoppicpath11540893033_y.jpg', '/goods-img/shoppicpath11540893033_y.jpg', '商品介绍加载中...', '21', '21', '1000', '', '0', '0', '2020-04-01 21:04:01', '0', '2020-04-01 21:04:01', null);
INSERT INTO `tb_newbee_mall_goods_info` VALUES ('10344', '怡亲 彩装宠物训导尿片', '优质商品', '113', '/goods-img/shoppicpath11524101392_y.jpg', '/goods-img/shoppicpath11524101392_y.jpg', '商品介绍加载中...', '26', '26', '1000', '', '0', '0', '2020-04-01 21:04:01', '0', '2020-04-01 21:04:01', null);
INSERT INTO `tb_newbee_mall_goods_info` VALUES ('10345', '法瑞特 宠物吸水去异味尿片尿垫（整包）', '优质商品', '113', '/goods-img/shoppicpath11499332455_y.jpg', '/goods-img/shoppicpath11499332455_y.jpg', '商品介绍加载中...', '24', '24', '1000', '', '0', '0', '2020-04-01 21:04:01', '0', '2020-04-01 21:04:01', null);
INSERT INTO `tb_newbee_mall_goods_info` VALUES ('10346', '怡亲Yoken 平板网络式狗厕所便盆 带垫板不湿脚', '优质商品', '113', '/goods-img/shoppicpath11521450421_y.jpg', '/goods-img/shoppicpath11521450421_y.jpg', '商品介绍加载中...', '28', '28', '1000', '', '0', '0', '2020-04-01 21:04:02', '0', '2020-04-01 21:04:02', null);
INSERT INTO `tb_newbee_mall_goods_info` VALUES ('10347', '怡亲Yoken 宠物护理湿巾100片 猫狗通用', '优质商品', '113', '/goods-img/shoppicpath11529565350_y.jpg', '/goods-img/shoppicpath11529565350_y.jpg', '商品介绍加载中...', '10', '10', '1000', '', '0', '0', '2020-04-01 21:04:02', '0', '2020-04-01 21:04:02', null);
INSERT INTO `tb_newbee_mall_goods_info` VALUES ('10348', '爱丽思IRIS 通用型银离子消毒宠物纸巾湿巾 80片启封装', '优质商品', '113', '/goods-img/shoppicpath11540276030_y.jpg', '/goods-img/shoppicpath11540276030_y.jpg', '商品介绍加载中...', '12', '12', '1000', '', '0', '0', '2020-04-01 21:04:02', '0', '2020-04-01 21:04:02', null);
INSERT INTO `tb_newbee_mall_goods_info` VALUES ('10349', '怡亲Yoken 竹炭去味干爽尿片 便后清理 猫狗通用', '优质商品', '113', '/goods-img/shoppicpath11551249597_y.jpg', '/goods-img/shoppicpath11551249597_y.jpg', '商品介绍加载中...', '12', '12', '1000', '', '0', '0', '2020-04-01 21:04:02', '0', '2020-04-01 21:04:02', null);
INSERT INTO `tb_newbee_mall_goods_info` VALUES ('10350', '小宠EHD 宠物环境祛味消毒液 白兰香型 500ml', '优质商品', '113', '/goods-img/shoppicpath11574833929_y.jpg', '/goods-img/shoppicpath11574833929_y.jpg', '商品介绍加载中...', '35', '35', '1000', '', '0', '0', '2020-04-01 21:04:02', '0', '2020-04-01 21:04:02', null);
INSERT INTO `tb_newbee_mall_goods_info` VALUES ('10351', '爱丽思IRIS 银离子消毒宠物纸巾湿巾 80片启封装*5联包', '优质商品', '113', '/goods-img/shoppicpath11509934962_y.jpg', '/goods-img/shoppicpath11509934962_y.jpg', '商品介绍加载中...', '60', '60', '1000', '', '0', '0', '2020-04-01 21:04:02', '0', '2020-04-01 21:04:02', null);
INSERT INTO `tb_newbee_mall_goods_info` VALUES ('10352', '尼可信 便便袋 狗狗便袋', '优质商品', '113', '/goods-img/shoppicpath11561533985_y.jpg', '/goods-img/shoppicpath11561533985_y.jpg', '商品介绍加载中...', '6', '6', '1000', '', '0', '0', '2020-04-01 21:04:02', '0', '2020-04-01 21:04:02', null);
INSERT INTO `tb_newbee_mall_goods_info` VALUES ('10353', '中恒 竹炭宠物尿片整包 猫狗兔等通用', '优质商品', '113', '/goods-img/shoppicpath11540893085_y.jpg', '/goods-img/shoppicpath11540893085_y.jpg', '商品介绍加载中...', '39', '39', '1000', '', '0', '0', '2020-04-01 21:04:02', '0', '2020-04-01 21:04:02', null);
INSERT INTO `tb_newbee_mall_goods_info` VALUES ('10354', '中恒 混合装拾便袋4卷（颜色随机发货）', '优质商品', '113', '/goods-img/shoppicpath11440394622_y.jpg', '/goods-img/shoppicpath11440394622_y.jpg', '商品介绍加载中...', '7', '7', '1000', '', '0', '0', '2020-04-01 21:04:02', '0', '2020-04-01 21:04:02', null);
INSERT INTO `tb_newbee_mall_goods_info` VALUES ('10355', '中恒 竹炭吸臭宠物尿片 单片', '优质商品', '113', '/goods-img/shoppicpath11540456018_y.jpg', '/goods-img/shoppicpath11540456018_y.jpg', '商品介绍加载中...', '1', '1', '1000', '', '0', '0', '2020-04-01 21:04:02', '0', '2020-04-01 21:04:02', null);
INSERT INTO `tb_newbee_mall_goods_info` VALUES ('10356', '派锐 猫狗用眼睛湿巾 100片 去除眼垢无刺激 触感柔软 宠物清洁', '优质商品', '113', '/goods-img/shoppicpath11542271173_y.jpg', '/goods-img/shoppicpath11542271173_y.jpg', '商品介绍加载中...', '18', '18', '1000', '', '0', '0', '2020-04-01 21:04:02', '0', '2020-04-01 21:04:02', null);
INSERT INTO `tb_newbee_mall_goods_info` VALUES ('10357', '日本多格漫Doggyman 宠物湿巾70抽15cm*20cm 宠物清洁', '优质商品', '113', '/goods-img/shoppicpath11469515727_y.jpg', '/goods-img/shoppicpath11469515727_y.jpg', '商品介绍加载中...', '19', '19', '1000', '', '0', '0', '2020-04-01 21:04:02', '0', '2020-04-01 21:04:02', null);
INSERT INTO `tb_newbee_mall_goods_info` VALUES ('10358', '派锐 宠物去除异味清新剂 500ml 猫狗通用', '优质商品', '113', '/goods-img/shoppicpath11540469514_y.jpg', '/goods-img/shoppicpath11540469514_y.jpg', '商品介绍加载中...', '28', '28', '1000', '', '0', '0', '2020-04-01 21:04:02', '0', '2020-04-01 21:04:02', null);
INSERT INTO `tb_newbee_mall_goods_info` VALUES ('10359', '捣蛋鬼 宠物清洁器拾便器', '优质商品', '113', '/goods-img/picpath31369622855_y.jpg', '/goods-img/picpath31369622855_y.jpg', '商品介绍加载中...', '10', '10', '1000', '', '0', '0', '2020-04-01 21:04:03', '0', '2020-04-01 21:04:03', null);
INSERT INTO `tb_newbee_mall_goods_info` VALUES ('10360', '爱丽思IRIS 超厚型洁垫尿垫', '优质商品', '113', '/goods-img/shoppicpath11430210414_y.jpg', '/goods-img/shoppicpath11430210414_y.jpg', '商品介绍加载中...', '35', '35', '1000', '', '0', '0', '2020-04-01 21:04:03', '0', '2020-04-01 21:04:03', null);
INSERT INTO `tb_newbee_mall_goods_info` VALUES ('10361', '伊丽Elite  网红变身装秋冬狗狗四脚衣麋鹿山羊兔子 柔软亲肤泰迪比熊博美衣服', '优质商品', '114', '/goods-img/shoppicpath11578363735_y.jpg', '/goods-img/shoppicpath11578363735_y.jpg', '商品介绍加载中...', '39', '39', '1000', '', '0', '0', '2020-04-01 21:04:03', '0', '2020-04-01 21:04:03', null);
INSERT INTO `tb_newbee_mall_goods_info` VALUES ('10362', '怡亲Yoken狗狗加绒四脚衣 泰迪比熊贵宾秋冬保暖法兰绒服饰', '优质商品', '114', '/goods-img/shoppicpath11544778797_y.jpg', '/goods-img/shoppicpath11544778797_y.jpg', '商品介绍加载中...', '28', '28', '1000', '', '0', '0', '2020-04-01 21:04:03', '0', '2020-04-01 21:04:03', null);
INSERT INTO `tb_newbee_mall_goods_info` VALUES ('10363', '伊丽Elite  中国风双层加厚唐装小型犬四脚衣服 狗狗衣服', '优质商品', '114', '/goods-img/shoppicpath11571198244_y.jpg', '/goods-img/shoppicpath11571198244_y.jpg', '商品介绍加载中...', '39', '39', '1000', '', '0', '0', '2020-04-01 21:04:03', '0', '2020-04-01 21:04:03', null);
INSERT INTO `tb_newbee_mall_goods_info` VALUES ('10364', '伊丽 Elite 透明斗篷防水雨衣 可机洗狗狗雨衣', '优质商品', '114', '/goods-img/shoppicpath11559271971_y.jpg', '/goods-img/shoppicpath11559271971_y.jpg', '商品介绍加载中...', '14', '14', '1000', '', '0', '0', '2020-04-01 21:04:03', '0', '2020-04-01 21:04:03', null);
INSERT INTO `tb_newbee_mall_goods_info` VALUES ('10365', '德丰Dog\'s life 花意朦胧宠物生理裤狗狗卫生裤 发情防骚扰', '优质商品', '114', '/goods-img/shoppicpath11561379257_y.jpg', '/goods-img/shoppicpath11561379257_y.jpg', '商品介绍加载中...', '17', '17', '1000', '', '0', '0', '2020-04-01 21:04:03', '0', '2020-04-01 21:04:03', null);
INSERT INTO `tb_newbee_mall_goods_info` VALUES ('10366', '伊丽 Elite 可爱保暖加绒狗狗卫衣 泰迪比熊博美', '优质商品', '114', '/goods-img/shoppicpath51548672934_y.jpg', '/goods-img/shoppicpath51548672934_y.jpg', '商品介绍加载中...', '17', '17', '1000', '', '0', '0', '2020-04-01 21:04:03', '0', '2020-04-01 21:04:03', null);
INSERT INTO `tb_newbee_mall_goods_info` VALUES ('10367', '德丰Dog\'s life 宠物强力防水雨衣 全包型狗衣服狗雨衣', '优质商品', '114', '/goods-img/shoppicpath11559273977_y.jpg', '/goods-img/shoppicpath11559273977_y.jpg', '商品介绍加载中...', '42', '42', '1000', '', '0', '0', '2020-04-01 21:04:03', '0', '2020-04-01 21:04:03', null);
INSERT INTO `tb_newbee_mall_goods_info` VALUES ('10689', '德丰Dog\'s life 彩菊迷情宠物生理裤狗狗卫生裤 发情防骚扰', '优质商品', '114', '/goods-img/shoppicpath11561379194_y.jpg', '/goods-img/shoppicpath11561379194_y.jpg', '商品介绍加载中...', '17', '17', '1000', '', '0', '0', '2020-04-01 21:04:03', '0', '2020-04-01 21:04:03', null);
INSERT INTO `tb_newbee_mall_goods_info` VALUES ('10690', '伊丽 日系纯色棉服两脚装加厚加绒中小型狗衣服泰迪比熊博美 秋冬保暖', '优质商品', '114', '/goods-img/shoppicpath51571205480_y.jpg', '/goods-img/shoppicpath51571205480_y.jpg', '商品介绍加载中...', '39', '39', '1000', '', '0', '0', '2020-04-01 21:04:03', '0', '2020-04-01 21:04:03', null);
INSERT INTO `tb_newbee_mall_goods_info` VALUES ('10691', '福来恩 418宠物春防节盒子', '优质商品', '114', '/goods-img/shoppicpath11555328953_y.jpg', '/goods-img/shoppicpath11555328953_y.jpg', '商品介绍加载中...', '50', '50', '1000', '', '0', '0', '2020-04-01 21:04:03', '0', '2020-04-01 21:04:03', null);
INSERT INTO `tb_newbee_mall_goods_info` VALUES ('10692', '它它Touchdog 夜空繁星系列狗狗三角巾中小型猫狗通用 宠物口水巾 柔软舒适', '优质商品', '114', '/goods-img/shoppicpath11561368225_y.jpg', '/goods-img/shoppicpath11561368225_y.jpg', '商品介绍加载中...', '16', '16', '1000', '', '0', '0', '2020-04-01 21:04:03', '0', '2020-04-01 21:04:03', null);
INSERT INTO `tb_newbee_mall_goods_info` VALUES ('10693', '伊丽Elite 卡通猴子高防水雨衣 狗狗雨衣', '优质商品', '114', '/goods-img/shoppicpath11560761189_y.jpg', '/goods-img/shoppicpath11560761189_y.jpg', '商品介绍加载中...', '29', '29', '1000', '', '0', '0', '2020-04-01 21:04:03', '0', '2020-04-01 21:04:03', null);
INSERT INTO `tb_newbee_mall_goods_info` VALUES ('10694', '【非卖品】宝路 新春保暖围巾', '优质商品', '114', '/goods-img/shoppicpath11576048874_y.jpg', '/goods-img/shoppicpath11576048874_y.jpg', '商品介绍加载中...', '19', '19', '1000', '', '0', '0', '2020-04-01 21:04:03', '0', '2020-04-01 21:04:03', null);
INSERT INTO `tb_newbee_mall_goods_info` VALUES ('10695', '伊丽 Elite 中大型犬斗篷式透明雨衣  狗雨衣', '优质商品', '114', '/goods-img/shoppicpath11559273550_y.jpg', '/goods-img/shoppicpath11559273550_y.jpg', '商品介绍加载中...', '25', '25', '1000', '', '0', '0', '2020-04-01 21:04:04', '0', '2020-04-01 21:04:04', null);
INSERT INTO `tb_newbee_mall_goods_info` VALUES ('10696', '德丰Dog\'s life 宠物夹克系列衣服', '优质商品', '114', '/goods-img/shoppicpath11561379347_y.jpg', '/goods-img/shoppicpath11561379347_y.jpg', '商品介绍加载中...', '31', '31', '1000', '', '0', '0', '2020-04-01 21:04:04', '0', '2020-04-01 21:04:04', null);
INSERT INTO `tb_newbee_mall_goods_info` VALUES ('10697', '伊丽Elite 迷彩时尚出行防水雨衣 狗狗雨衣', '优质商品', '114', '/goods-img/shoppicpath21501653182_y.jpg', '/goods-img/shoppicpath21501653182_y.jpg', '商品介绍加载中...', '29', '29', '1000', '', '0', '0', '2020-04-01 21:04:04', '0', '2020-04-01 21:04:04', null);
INSERT INTO `tb_newbee_mall_goods_info` VALUES ('10698', '爱思克Asuku 宠物雨衣无脚雨狗雨披狗雨衣', '优质商品', '114', '/goods-img/shoppicpath11559272524_y.jpg', '/goods-img/shoppicpath11559272524_y.jpg', '商品介绍加载中...', '45', '45', '1000', '', '0', '0', '2020-04-01 21:04:04', '0', '2020-04-01 21:04:04', null);
INSERT INTO `tb_newbee_mall_goods_info` VALUES ('10699', '德丰Dog\'s life 动物系列衣服宠物服装', '优质商品', '114', '/goods-img/shoppicpath11561364911_y.jpg', '/goods-img/shoppicpath11561364911_y.jpg', '商品介绍加载中...', '43', '43', '1000', '', '0', '0', '2020-04-01 21:04:04', '0', '2020-04-01 21:04:04', null);
INSERT INTO `tb_newbee_mall_goods_info` VALUES ('10700', '伊丽 奶牛变装狗衣服动物变身双脚装 时尚出街 俏皮可爱', '优质商品', '114', '/goods-img/shoppicpath11571380571_y.jpg', '/goods-img/shoppicpath11571380571_y.jpg', '商品介绍加载中...', '38', '38', '999', '', '0', '0', '2020-04-01 21:04:04', '0', '2020-04-01 21:04:04', null);
INSERT INTO `tb_newbee_mall_goods_info` VALUES ('10701', 'KOJIMA 宠物变身装 狗狗猫咪直立衣服', '优质商品', '114', '/goods-img/shoppicpath11561533212_y.jpg', '/goods-img/shoppicpath11561533212_y.jpg', '商品介绍加载中...', '38', '38', '1000', '', '0', '0', '2020-04-01 21:04:04', '0', '2020-04-01 21:04:04', null);
INSERT INTO `tb_newbee_mall_goods_info` VALUES ('10702', '新宠之康 宠物定位排便诱导剂120ml  猫狗通用', '优质商品', '115', '/goods-img/shoppicpath11540540215_y.jpg', '/goods-img/shoppicpath11540540215_y.jpg', '商品介绍加载中...', '16', '16', '1000', '', '0', '0', '2020-04-01 21:04:04', '0', '2020-04-01 21:04:04', null);
INSERT INTO `tb_newbee_mall_goods_info` VALUES ('10703', '中恒 训练响片  训狗用品', '优质商品', '115', '/goods-img/shoppicpath11561379586_y.jpg', '/goods-img/shoppicpath11561379586_y.jpg', '商品介绍加载中...', '10', '10', '1000', '', '0', '0', '2020-04-01 21:04:04', '0', '2020-04-01 21:04:04', null);
INSERT INTO `tb_newbee_mall_goods_info` VALUES ('10704', '8in1 天然奇迹幼犬引便训练剂 8oz/236ml 美国进口', '优质商品', '115', '/goods-img/shoppicpath11569829632_y.jpg', '/goods-img/shoppicpath11569829632_y.jpg', '商品介绍加载中...', '69', '69', '999', '', '0', '0', '2020-04-01 21:04:04', '0', '2020-04-01 21:04:04', null);
INSERT INTO `tb_newbee_mall_goods_info` VALUES ('10705', '休普 外出随身训犬硅胶腰包', '优质商品', '115', '/goods-img/shoppicpath11540646463_y.jpg', '/goods-img/shoppicpath11540646463_y.jpg', '商品介绍加载中...', '46', '46', '1000', '', '0', '0', '2020-04-01 21:04:04', '0', '2020-04-01 21:04:04', null);
INSERT INTO `tb_newbee_mall_goods_info` VALUES ('10706', '8in1 消除尿渍尿味天然奇迹犬用防舔咬喷剂236ml 美国进口', '优质商品', '115', '/goods-img/shoppicpath11560958570_y.jpg', '/goods-img/shoppicpath11560958570_y.jpg', '商品介绍加载中...', '75', '75', '1000', '', '0', '0', '2020-04-01 21:04:04', '0', '2020-04-01 21:04:04', null);
INSERT INTO `tb_newbee_mall_goods_info` VALUES ('10707', '小蚁yi 家用摄像头无线高清智能摄像机云台版 智能监控 全方位守护', '优质商品', '115', '/goods-img/shoppicpath11572254820_y.jpg', '/goods-img/shoppicpath11572254820_y.jpg', '商品介绍加载中...', '209', '209', '1000', '', '0', '0', '2020-04-01 21:04:04', '0', '2020-04-01 21:04:04', null);
INSERT INTO `tb_newbee_mall_goods_info` VALUES ('10708', '逗爱 宠物乖乖圈（含一个乖乖贴）', '优质商品', '115', '/goods-img/shoppicpath11566459355_y.jpg', '/goods-img/shoppicpath11566459355_y.jpg', '商品介绍加载中...', '213', '213', '1000', '', '0', '0', '2020-04-01 21:04:04', '0', '2020-04-01 21:04:04', null);
INSERT INTO `tb_newbee_mall_goods_info` VALUES ('10709', '海雀 摄像头Q1Lite 支持HUAWEI HiLink智能摄像头1080p 无线高清家用监控摄像机', '优质商品', '115', '/goods-img/shoppicpath11548675097_y.jpg', '/goods-img/shoppicpath11548675097_y.jpg', '商品介绍加载中...', '179', '179', '1000', '', '0', '0', '2020-04-01 21:04:05', '0', '2020-04-01 21:04:05', null);
INSERT INTO `tb_newbee_mall_goods_info` VALUES ('10710', '绿美笛Pet Remedy 镇静喷雾犬猫通用 15ml 镇静舒缓情绪 英国进口', '优质商品', '115', '/goods-img/shoppicpath11548063848_y.jpg', '/goods-img/shoppicpath11548063848_y.jpg', '商品介绍加载中...', '99', '99', '1000', '', '0', '0', '2020-04-01 21:04:05', '0', '2020-04-01 21:04:05', null);
INSERT INTO `tb_newbee_mall_goods_info` VALUES ('10711', '逗爱 宠物乖乖贴（需和乖乖圈配合使用）', '优质商品', '115', '/goods-img/shoppicpath11466752262_y.jpg', '/goods-img/shoppicpath11466752262_y.jpg', '商品介绍加载中...', '49', '49', '1000', '', '0', '0', '2020-04-01 21:04:05', '0', '2020-04-01 21:04:05', null);
INSERT INTO `tb_newbee_mall_goods_info` VALUES ('10712', '云蚁yi 1080P高清夜视智能摄像机 智能监控', '优质商品', '115', '/goods-img/shoppicpath11572254447_y.jpg', '/goods-img/shoppicpath11572254447_y.jpg', '商品介绍加载中...', '299', '299', '1000', '', '0', '0', '2020-04-01 21:04:05', '0', '2020-04-01 21:04:05', null);
INSERT INTO `tb_newbee_mall_goods_info` VALUES ('10713', '芳玳 Francodex 幼犬与犬防咬喷雾 200ml 法国进口', '优质商品', '115', '/goods-img/shoppicpath11546607133_y.jpg', '/goods-img/shoppicpath11546607133_y.jpg', '商品介绍加载中...', '149', '149', '1000', '', '0', '0', '2020-04-01 21:04:05', '0', '2020-04-01 21:04:05', null);
INSERT INTO `tb_newbee_mall_goods_info` VALUES ('10714', '绿美笛Pet Remedy 抗应激尿片犬猫通用型 3片 镇静舒缓情绪 英国进口', '优质商品', '115', '/goods-img/shoppicpath11549959625_y.jpg', '/goods-img/shoppicpath11549959625_y.jpg', '商品介绍加载中...', '30', '30', '1000', '', '0', '0', '2020-04-01 21:04:05', '0', '2020-04-01 21:04:05', null);
INSERT INTO `tb_newbee_mall_goods_info` VALUES ('10715', '海雀 摄像头H1 支持HUAWEI HiLink 大广角1080P 无线高清家用监控摄像机', '优质商品', '115', '/goods-img/shoppicpath11548674919_y.jpg', '/goods-img/shoppicpath11548674919_y.jpg', '商品介绍加载中...', '289', '289', '1000', '', '0', '0', '2020-04-01 21:04:05', '0', '2020-04-01 21:04:05', null);
INSERT INTO `tb_newbee_mall_goods_info` VALUES ('10716', '芳玳 Francodex 狗室外驱赶喷雾 650ml 法国进口', '优质商品', '115', '/goods-img/shoppicpath11548663000_y.jpg', '/goods-img/shoppicpath11548663000_y.jpg', '商品介绍加载中...', '179', '179', '1000', '', '0', '0', '2020-04-01 21:04:05', '0', '2020-04-01 21:04:05', null);
INSERT INTO `tb_newbee_mall_goods_info` VALUES ('10717', 'skymee 宠物自动投食器手机远程智能投食狗狗摄像头监控逗狗机', '优质商品', '115', '/goods-img/shoppicpath11558952934_y.jpg', '/goods-img/shoppicpath11558952934_y.jpg', '商品介绍加载中...', '880', '880', '1000', '', '0', '0', '2020-04-01 21:04:05', '0', '2020-04-01 21:04:05', null);
INSERT INTO `tb_newbee_mall_goods_info` VALUES ('10718', '绿美笛 pet remedy 镇静喷雾200ml 镇静舒缓情绪 英国进口', '优质商品', '115', '/goods-img/shoppicpath11548063679_y.jpg', '/goods-img/shoppicpath11548063679_y.jpg', '商品介绍加载中...', '299', '299', '1000', '', '0', '0', '2020-04-01 21:04:05', '0', '2020-04-01 21:04:05', null);
INSERT INTO `tb_newbee_mall_goods_info` VALUES ('10719', '小蚁yi 1080p高清防水尘无线网络摄像头 家用智能监控器', '优质商品', '115', '/goods-img/shoppicpath11572936500_y.jpg', '/goods-img/shoppicpath11572936500_y.jpg', '商品介绍加载中...', '259', '259', '1000', '', '0', '0', '2020-04-01 21:04:06', '0', '2020-04-01 21:04:06', null);
INSERT INTO `tb_newbee_mall_goods_info` VALUES ('10720', 'Petsafe 经典款全自动静电狗狗止吠训练器i PBC－102', '优质商品', '115', '/goods-img/shoppicpath11561532996_y.jpg', '/goods-img/shoppicpath11561532996_y.jpg', '商品介绍加载中...', '219', '219', '1000', '', '0', '0', '2020-04-01 21:04:06', '0', '2020-04-01 21:04:06', null);
INSERT INTO `tb_newbee_mall_goods_info` VALUES ('10721', '海雀 摄像头Q1 支持HUAWEI HiLink 大广角1080P  双向语音对讲 高清夜视', '优质商品', '115', '/goods-img/shoppicpath11548675003_y.jpg', '/goods-img/shoppicpath11548675003_y.jpg', '商品介绍加载中...', '249', '249', '1000', '', '0', '0', '2020-04-01 21:04:06', '0', '2020-04-01 21:04:06', null);
INSERT INTO `tb_newbee_mall_goods_info` VALUES ('10722', '怡亲Yoken 敏感型皮肤犬猫适用香波 500ml', '优质商品', '116', '/goods-img/shoppicpath11528081907_y.jpg', '/goods-img/shoppicpath11528081907_y.jpg', '商品介绍加载中...', '19', '19', '1000', '', '0', '0', '2020-04-01 21:04:06', '0', '2020-04-01 21:04:06', null);
INSERT INTO `tb_newbee_mall_goods_info` VALUES ('10723', '怡亲Yoken 红棕犬专用香波500ml', '优质商品', '116', '/goods-img/shoppicpath11528082121_y.jpg', '/goods-img/shoppicpath11528082121_y.jpg', '商品介绍加载中...', '19', '19', '1000', '', '0', '0', '2020-04-01 21:04:06', '0', '2020-04-01 21:04:06', null);
INSERT INTO `tb_newbee_mall_goods_info` VALUES ('10724', '怡亲Yoken 白毛犬专用香波500ml', '优质商品', '116', '/goods-img/shoppicpath11528082014_y.jpg', '/goods-img/shoppicpath11528082014_y.jpg', '商品介绍加载中...', '19', '19', '1000', '', '0', '0', '2020-04-01 21:04:06', '0', '2020-04-01 21:04:06', null);
INSERT INTO `tb_newbee_mall_goods_info` VALUES ('10725', '逸诺 SOS美毛护毛乳 200ml 柔顺亮毛 防止打结', '优质商品', '116', '/goods-img/shoppicpath11571998681_y.jpg', '/goods-img/shoppicpath11571998681_y.jpg', '商品介绍加载中...', '25', '25', '1000', '', '0', '0', '2020-04-01 21:04:06', '0', '2020-04-01 21:04:06', null);
INSERT INTO `tb_newbee_mall_goods_info` VALUES ('10726', '怡亲Yoken 免洗泡沫香波 犬猫通用 250ml', '优质商品', '116', '/goods-img/shoppicpath11528451617_y.jpg', '/goods-img/shoppicpath11528451617_y.jpg', '商品介绍加载中...', '22', '22', '1000', '', '0', '0', '2020-04-01 21:04:06', '0', '2020-04-01 21:04:06', null);
INSERT INTO `tb_newbee_mall_goods_info` VALUES ('10727', '逸诺 SOS皮毛护理专用香波530ml', '优质商品', '116', '/goods-img/shoppicpath11435210838_y.jpg', '/goods-img/shoppicpath11435210838_y.jpg', '商品介绍加载中...', '45', '45', '1000', '', '0', '0', '2020-04-01 21:04:06', '0', '2020-04-01 21:04:06', null);
INSERT INTO `tb_newbee_mall_goods_info` VALUES ('10728', '怡亲Yoken 犬猫干洗粉 200g 祛味留香', '优质商品', '116', '/goods-img/shoppicpath11539308532_y.jpg', '/goods-img/shoppicpath11539308532_y.jpg', '商品介绍加载中...', '12', '12', '1000', '', '0', '0', '2020-04-01 21:04:06', '0', '2020-04-01 21:04:06', null);
INSERT INTO `tb_newbee_mall_goods_info` VALUES ('10729', '逸诺 SOS水润柔顺丝滑名犬香波沐浴露 530ml', '优质商品', '116', '/goods-img/shoppicpath11560958332_y.jpg', '/goods-img/shoppicpath11560958332_y.jpg', '商品介绍加载中...', '45', '45', '1000', '', '0', '0', '2020-04-01 21:04:06', '0', '2020-04-01 21:04:06', null);
INSERT INTO `tb_newbee_mall_goods_info` VALUES ('10730', '逸诺SOS 白毛犬专用香波狗狗沐浴露 530ml', '优质商品', '116', '/goods-img/shoppicpath11539671539_y.jpg', '/goods-img/shoppicpath11539671539_y.jpg', '商品介绍加载中...', '45', '45', '1000', '', '0', '0', '2020-04-01 21:04:06', '0', '2020-04-01 21:04:06', null);
INSERT INTO `tb_newbee_mall_goods_info` VALUES ('10731', '逸诺SOS 红棕毛犬专用香波沐浴露 530ml', '优质商品', '116', '/goods-img/shoppicpath11560958276_y.jpg', '/goods-img/shoppicpath11560958276_y.jpg', '商品介绍加载中...', '45', '45', '1000', '', '0', '0', '2020-04-01 21:04:06', '0', '2020-04-01 21:04:06', null);
INSERT INTO `tb_newbee_mall_goods_info` VALUES ('10732', '雪貂留香 全效犬用沐浴露 500ml', '优质商品', '116', '/goods-img/shoppicpath11552903991_y.jpg', '/goods-img/shoppicpath11552903991_y.jpg', '商品介绍加载中...', '55', '55', '1000', '', '0', '0', '2020-04-01 21:04:06', '0', '2020-04-01 21:04:06', null);
INSERT INTO `tb_newbee_mall_goods_info` VALUES ('10733', '雪貂留香 貂油沐浴露500ML 狗香波抑菌止痒', '优质商品', '116', '/goods-img/shoppicpath11554346651_y.jpg', '/goods-img/shoppicpath11554346651_y.jpg', '商品介绍加载中...', '55', '55', '1000', '', '0', '0', '2020-04-01 21:04:06', '0', '2020-04-01 21:04:06', null);
INSERT INTO `tb_newbee_mall_goods_info` VALUES ('10734', '逸诺Enoug SOS蓬松有型香波狗狗沐浴露 530ml 无泪留香', '优质商品', '116', '/goods-img/shoppicpath11539742171_y.jpg', '/goods-img/shoppicpath11539742171_y.jpg', '商品介绍加载中...', '45', '45', '1000', '', '0', '0', '2020-04-01 21:04:06', '0', '2020-04-01 21:04:06', null);
INSERT INTO `tb_newbee_mall_goods_info` VALUES ('10735', '日本艾宠Lion 祛跳蚤二合一香波替换装 草本花香型 犬猫通用 400ml', '优质商品', '116', '/goods-img/shoppicpath11540893648_y.jpg', '/goods-img/shoppicpath11540893648_y.jpg', '商品介绍加载中...', '49', '49', '1000', '', '0', '0', '2020-04-01 21:04:07', '0', '2020-04-01 21:04:07', null);
INSERT INTO `tb_newbee_mall_goods_info` VALUES ('10736', '艾宠Lion 祛跳蚤二合一香波草本花香型 犬猫通用 550ml', '优质商品', '116', '/goods-img/shoppicpath11529398650_y.jpg', '/goods-img/shoppicpath11529398650_y.jpg', '商品介绍加载中...', '76', '76', '1000', '', '0', '0', '2020-04-01 21:04:07', '0', '2020-04-01 21:04:07', null);
INSERT INTO `tb_newbee_mall_goods_info` VALUES ('10737', '雪貂留香 白毛犬专用沐浴露 500ml', '优质商品', '116', '/goods-img/shoppicpath11555931042_y.jpg', '/goods-img/shoppicpath11555931042_y.jpg', '商品介绍加载中...', '55', '55', '1000', '', '0', '0', '2020-04-01 21:04:07', '0', '2020-04-01 21:04:07', null);
INSERT INTO `tb_newbee_mall_goods_info` VALUES ('10738', '雪貂留香 红棕毛犬专用沐浴露500ml', '优质商品', '116', '/goods-img/shoppicpath11521877559_y.jpg', '/goods-img/shoppicpath11521877559_y.jpg', '商品介绍加载中...', '55', '55', '1000', '', '0', '0', '2020-04-01 21:04:07', '0', '2020-04-01 21:04:07', null);
INSERT INTO `tb_newbee_mall_goods_info` VALUES ('10739', '日本艾宠Lion 低刺激泡沫香波 婴儿香皂香型 适用幼犬幼猫 230ml', '优质商品', '116', '/goods-img/shoppicpath11540893598_y.jpg', '/goods-img/shoppicpath11540893598_y.jpg', '商品介绍加载中...', '68', '68', '999', '', '0', '0', '2020-04-01 21:04:07', '0', '2020-04-01 21:04:07', null);
INSERT INTO `tb_newbee_mall_goods_info` VALUES ('10740', '艾宠Lion  局部除菌泡沫 清洁爪子泡泡 犬猫通用 250ml', '优质商品', '116', '/goods-img/shoppicpath11529397534_y.jpg', '/goods-img/shoppicpath11529397534_y.jpg', '商品介绍加载中...', '68', '68', '1000', '', '0', '0', '2020-04-01 21:04:07', '0', '2020-04-01 21:04:07', null);
INSERT INTO `tb_newbee_mall_goods_info` VALUES ('10741', '日本艾宠Lion 低刺激泡沫香波替换装 婴儿香皂香型 200ml 适用幼犬幼猫', '优质商品', '116', '/goods-img/shoppicpath11529398527_y.jpg', '/goods-img/shoppicpath11529398527_y.jpg', '商品介绍加载中...', '48', '48', '1000', '', '0', '0', '2020-04-01 21:04:07', '0', '2020-04-01 21:04:07', null);
INSERT INTO `tb_newbee_mall_goods_info` VALUES ('10742', '宝丽 塑柄圆头钢丝刷 美毛按摩梳 猫狗通用', '优质商品', '117', '/goods-img/shoppicpath11547455456_y.jpg', '/goods-img/shoppicpath11547455456_y.jpg', '商品介绍加载中...', '20', '20', '996', '', '0', '0', '2020-04-01 21:04:07', '0', '2020-04-01 21:04:07', null);
INSERT INTO `tb_newbee_mall_goods_info` VALUES ('10743', '哈特丽 除毛刷除毛器 轻松去毛 一刷即净', '优质商品', '117', '/goods-img/shoppicpath11583912893_y.jpg', '/goods-img/shoppicpath11583912893_y.jpg', '商品介绍加载中...', '29', '29', '1000', '', '0', '0', '2020-04-01 21:04:07', '0', '2020-04-01 21:04:07', null);
INSERT INTO `tb_newbee_mall_goods_info` VALUES ('10744', '怡亲Yoken 专业宠物指甲剪 猫狗通用不锈钢指甲剪', '优质商品', '117', '/goods-img/shoppicpath21577255293_y.jpg', '/goods-img/shoppicpath21577255293_y.jpg', '商品介绍加载中...', '13', '13', '1000', '', '0', '0', '2020-04-01 21:04:07', '0', '2020-04-01 21:04:07', null);
INSERT INTO `tb_newbee_mall_goods_info` VALUES ('10745', '宝润 狗狗电推剪泰迪比熊金毛P2（升级款928）不发热不卡毛 随机发货', '优质商品', '117', '/goods-img/shoppicpath11540894067_y.jpg', '/goods-img/shoppicpath11540894067_y.jpg', '商品介绍加载中...', '59', '59', '1000', '', '0', '0', '2020-04-01 21:04:07', '0', '2020-04-01 21:04:07', null);
INSERT INTO `tb_newbee_mall_goods_info` VALUES ('10746', '宝丽 宠物美容指甲剪 狗狗指甲剪', '优质商品', '117', '/goods-img/shoppicpath11540467000_y.jpg', '/goods-img/shoppicpath11540467000_y.jpg', '商品介绍加载中...', '30', '30', '1000', '', '0', '0', '2020-04-01 21:04:07', '0', '2020-04-01 21:04:07', null);
INSERT INTO `tb_newbee_mall_goods_info` VALUES ('10747', '哈特丽 木头手柄双面不锈钢排梳 宠物美容', '优质商品', '117', '/goods-img/shoppicpath11418783982_y.jpg', '/goods-img/shoppicpath11418783982_y.jpg', '商品介绍加载中...', '4', '4', '1000', '', '0', '0', '2020-04-01 21:04:07', '0', '2020-04-01 21:04:07', null);
INSERT INTO `tb_newbee_mall_goods_info` VALUES ('10748', 'Petlot 宠物美容修毛剪刀 犬猫通用', '优质商品', '117', '/goods-img/shoppicpath21569408703_y.jpg', '/goods-img/shoppicpath21569408703_y.jpg', '商品介绍加载中...', '24', '24', '1000', '', '0', '0', '2020-04-01 21:04:07', '0', '2020-04-01 21:04:07', null);
INSERT INTO `tb_newbee_mall_goods_info` VALUES ('10749', '哈特丽 中小型犬指甲剪带锉刀 宠物美容 多款可选', '优质商品', '117', '/goods-img/shoppicpath11569822485_y.jpg', '/goods-img/shoppicpath11569822485_y.jpg', '商品介绍加载中...', '9', '9', '1000', '', '0', '0', '2020-04-01 21:04:08', '0', '2020-04-01 21:04:08', null);
INSERT INTO `tb_newbee_mall_goods_info` VALUES ('10750', '哈特丽 猫狗通用 360°可旋转按摩针梳', '优质商品', '117', '/goods-img/shoppicpath11436411241_y.jpg', '/goods-img/shoppicpath11436411241_y.jpg', '商品介绍加载中...', '13', '13', '1000', '', '0', '0', '2020-04-01 21:04:08', '0', '2020-04-01 21:04:08', null);
INSERT INTO `tb_newbee_mall_goods_info` VALUES ('10751', 'Petlot 犬猫通用指甲剪', '优质商品', '117', '/goods-img/shoppicpath21569406476_y.jpg', '/goods-img/shoppicpath21569406476_y.jpg', '商品介绍加载中...', '20', '20', '1000', '', '0', '0', '2020-04-01 21:04:08', '0', '2020-04-01 21:04:08', null);
INSERT INTO `tb_newbee_mall_goods_info` VALUES ('10752', '怡亲Yoken 宠物自洁美容针梳 粉色', '优质商品', '117', '/goods-img/shoppicpath11540462557_y.jpg', '/goods-img/shoppicpath11540462557_y.jpg', '商品介绍加载中...', '24', '24', '1000', '', '0', '0', '2020-04-01 21:04:08', '0', '2020-04-01 21:04:08', null);
INSERT INTO `tb_newbee_mall_goods_info` VALUES ('10753', '哈特丽 中小型犬指甲剪附磨甲锉刀 宠物美容', '优质商品', '117', '/goods-img/shoppicpath11569822543_y.jpg', '/goods-img/shoppicpath11569822543_y.jpg', '商品介绍加载中...', '9', '9', '1000', '', '0', '0', '2020-04-01 21:04:08', '0', '2020-04-01 21:04:08', null);
INSERT INTO `tb_newbee_mall_goods_info` VALUES ('10754', '怡亲Yoken 宠物自洁美容针梳 蓝色', '优质商品', '117', '/goods-img/shoppicpath11540462521_y.jpg', '/goods-img/shoppicpath11540462521_y.jpg', '商品介绍加载中...', '24', '24', '1000', '', '0', '0', '2020-04-01 21:04:08', '0', '2020-04-01 21:04:08', null);
INSERT INTO `tb_newbee_mall_goods_info` VALUES ('10755', '哈特丽 不锈钢扁钢排梳 宠物美容 犬猫通用', '优质商品', '117', '/goods-img/shoppicpath21570610002_y.jpg', '/goods-img/shoppicpath21570610002_y.jpg', '商品介绍加载中...', '8', '8', '1000', '', '0', '0', '2020-04-01 21:04:08', '0', '2020-04-01 21:04:08', null);
INSERT INTO `tb_newbee_mall_goods_info` VALUES ('10756', '宝丽 硅胶祛毛猫狗通用按摩梳 多色可选', '优质商品', '117', '/goods-img/shoppicpath11540275570_y.jpg', '/goods-img/shoppicpath11540275570_y.jpg', '商品介绍加载中...', '30', '30', '1000', '', '0', '0', '2020-04-01 21:04:08', '0', '2020-04-01 21:04:08', null);
INSERT INTO `tb_newbee_mall_goods_info` VALUES ('10757', '哈特丽 猫狗通用美容梳钉耙梳', '优质商品', '117', '/goods-img/shoppicpath51420788779_y.jpg', '/goods-img/shoppicpath51420788779_y.jpg', '商品介绍加载中...', '19', '19', '1000', '', '0', '0', '2020-04-01 21:04:08', '0', '2020-04-01 21:04:08', null);
INSERT INTO `tb_newbee_mall_goods_info` VALUES ('10758', '宝丽 塑柄钢丝刷 专业拉毛造型梳 猫狗通用', '优质商品', '117', '/goods-img/shoppicpath21570701617_y.jpg', '/goods-img/shoppicpath21570701617_y.jpg', '商品介绍加载中...', '20', '20', '1000', '', '0', '0', '2020-04-01 21:04:08', '0', '2020-04-01 21:04:08', null);
INSERT INTO `tb_newbee_mall_goods_info` VALUES ('10759', '日本多格漫Doggyman 猫狗通用木制长柄双面针梳', '优质商品', '117', '/goods-img/shoppicpath11570514916_y.jpg', '/goods-img/shoppicpath11570514916_y.jpg', '商品介绍加载中...', '34', '34', '1000', '', '0', '0', '2020-04-01 21:04:08', '0', '2020-04-01 21:04:08', null);
INSERT INTO `tb_newbee_mall_goods_info` VALUES ('10760', '宝丽 木柄钢丝刷 专业拉毛造型梳 猫狗通用', '优质商品', '117', '/goods-img/shoppicpath21570701733_y.jpg', '/goods-img/shoppicpath21570701733_y.jpg', '商品介绍加载中...', '20', '20', '1000', '', '0', '0', '2020-04-01 21:04:08', '0', '2020-04-01 21:04:08', null);
INSERT INTO `tb_newbee_mall_goods_info` VALUES ('10761', '哈特丽 不锈钢圆柄排梳 宠物美容 中短毛犬猫通用', '优质商品', '117', '/goods-img/shoppicpath11570610782_y.jpg', '/goods-img/shoppicpath11570610782_y.jpg', '商品介绍加载中...', '8', '8', '1000', '', '0', '0', '2020-04-01 21:04:08', '0', '2020-04-01 21:04:08', null);
INSERT INTO `tb_newbee_mall_goods_info` VALUES ('10762', '怡亲Yoken 狗尿片 强力吸水', '优质商品', '113', '/goods-img/shoppicpath11540893008_y.jpg', '/goods-img/shoppicpath11540893008_y.jpg', '商品介绍加载中...', '16', '16', '1000', '', '0', '0', '2020-04-01 21:04:09', '0', '2020-04-01 21:04:09', null);
INSERT INTO `tb_newbee_mall_goods_info` VALUES ('10763', '怡亲yoken 宠物手套去毛刷（右手）', '优质商品', '118', '/goods-img/shoppicpath11540464183_y.jpg', '/goods-img/shoppicpath11540464183_y.jpg', '商品介绍加载中...', '11', '11', '1000', '', '0', '0', '2020-04-01 21:04:09', '0', '2020-04-01 21:04:09', null);
INSERT INTO `tb_newbee_mall_goods_info` VALUES ('10764', '怡亲Yoken 宠物洗澡吸水毛巾', '优质商品', '118', '/goods-img/shoppicpath11539841860_y.jpg', '/goods-img/shoppicpath11539841860_y.jpg', '商品介绍加载中...', '19', '19', '1000', '', '0', '0', '2020-04-01 21:04:09', '0', '2020-04-01 21:04:09', null);
INSERT INTO `tb_newbee_mall_goods_info` VALUES ('10765', '爱丽思IRIS 宠物浴盆  小型犬洗澡盆', '优质商品', '118', '/goods-img/shoppicpath21569828279_y.jpg', '/goods-img/shoppicpath21569828279_y.jpg', '商品介绍加载中...', '78', '78', '1000', '', '0', '0', '2020-04-01 21:04:09', '0', '2020-04-01 21:04:09', null);
INSERT INTO `tb_newbee_mall_goods_info` VALUES ('10766', '哈特丽 猫狗通用 360°旋转硅胶按摩针梳', '优质商品', '118', '/goods-img/shoppicpath11437010657_y.jpg', '/goods-img/shoppicpath11437010657_y.jpg', '商品介绍加载中...', '17', '17', '1000', '', '0', '0', '2020-04-01 21:04:09', '0', '2020-04-01 21:04:09', null);
INSERT INTO `tb_newbee_mall_goods_info` VALUES ('10767', '怡亲Yoken 宠物折叠洗澡盆', '优质商品', '118', '/goods-img/shoppicpath11559200327_y.jpg', '/goods-img/shoppicpath11559200327_y.jpg', '商品介绍加载中...', '49', '49', '1000', '', '0', '0', '2020-04-01 21:04:09', '0', '2020-04-01 21:04:09', null);
INSERT INTO `tb_newbee_mall_goods_info` VALUES ('10768', '怡亲Yoken 狗狗训导尿片', '优质商品', '113', '/goods-img/shoppicpath11554806708_y.jpg', '/goods-img/shoppicpath11554806708_y.jpg', '商品介绍加载中...', '19', '19', '1000', '', '0', '0', '2020-04-01 21:04:09', '0', '2020-04-01 21:04:09', null);
INSERT INTO `tb_newbee_mall_goods_info` VALUES ('10769', 'Petlot 宠物针梳双面按摩刷洗澡刷 猫和小型犬用', '优质商品', '118', '/goods-img/shoppicpath31424844211_y.jpg', '/goods-img/shoppicpath31424844211_y.jpg', '商品介绍加载中...', '45', '45', '1000', '', '0', '0', '2020-04-01 21:04:09', '0', '2020-04-01 21:04:09', null);
INSERT INTO `tb_newbee_mall_goods_info` VALUES ('10770', '多可特 宠物尿片整包', '优质商品', '113', '/goods-img/shoppicpath11540893033_y.jpg', '/goods-img/shoppicpath11540893033_y.jpg', '商品介绍加载中...', '21', '21', '1000', '', '0', '0', '2020-04-01 21:04:09', '0', '2020-04-01 21:04:09', null);
INSERT INTO `tb_newbee_mall_goods_info` VALUES ('10771', '爱丽思IRIS 小型猫狗洗澡盆防毛发堵塞防溢水', '优质商品', '118', '/goods-img/shoppicpath21569823796_y.jpg', '/goods-img/shoppicpath21569823796_y.jpg', '商品介绍加载中...', '188', '188', '1000', '', '0', '0', '2020-04-01 21:04:09', '0', '2020-04-01 21:04:09', null);
INSERT INTO `tb_newbee_mall_goods_info` VALUES ('10772', '怡亲 彩装宠物训导尿片', '优质商品', '113', '/goods-img/shoppicpath11524101392_y.jpg', '/goods-img/shoppicpath11524101392_y.jpg', '商品介绍加载中...', '26', '26', '1000', '', '0', '0', '2020-04-01 21:04:09', '0', '2020-04-01 21:04:09', null);
INSERT INTO `tb_newbee_mall_goods_info` VALUES ('10773', '法瑞特 宠物吸水去异味尿片尿垫（整包）', '优质商品', '113', '/goods-img/shoppicpath11499332455_y.jpg', '/goods-img/shoppicpath11499332455_y.jpg', '商品介绍加载中...', '24', '24', '1000', '', '0', '0', '2020-04-01 21:04:09', '0', '2020-04-01 21:04:09', null);
INSERT INTO `tb_newbee_mall_goods_info` VALUES ('10774', '怡亲Yoken 平板网络式狗厕所便盆 带垫板不湿脚', '优质商品', '113', '/goods-img/shoppicpath11521450421_y.jpg', '/goods-img/shoppicpath11521450421_y.jpg', '商品介绍加载中...', '28', '28', '1000', '', '0', '0', '2020-04-01 21:04:09', '0', '2020-04-01 21:04:09', null);
INSERT INTO `tb_newbee_mall_goods_info` VALUES ('10775', '怡亲Yoken 宠物护理湿巾100片 猫狗通用', '优质商品', '113', '/goods-img/shoppicpath11529565350_y.jpg', '/goods-img/shoppicpath11529565350_y.jpg', '商品介绍加载中...', '10', '10', '1000', '', '0', '0', '2020-04-01 21:04:09', '0', '2020-04-01 21:04:09', null);
INSERT INTO `tb_newbee_mall_goods_info` VALUES ('10776', '怡亲 宠物洗澡圈 狗狗洗澡神器大号', '优质商品', '118', '/goods-img/shoppicpath11524100981_y.jpg', '/goods-img/shoppicpath11524100981_y.jpg', '商品介绍加载中...', '139', '139', '1000', '', '0', '0', '2020-04-01 21:04:09', '0', '2020-04-01 21:04:09', null);
INSERT INTO `tb_newbee_mall_goods_info` VALUES ('10777', '爱丽思IRIS 通用型银离子消毒宠物纸巾湿巾 80片启封装', '优质商品', '113', '/goods-img/shoppicpath11540276030_y.jpg', '/goods-img/shoppicpath11540276030_y.jpg', '商品介绍加载中...', '12', '12', '1000', '', '0', '0', '2020-04-01 21:04:09', '0', '2020-04-01 21:04:09', null);
INSERT INTO `tb_newbee_mall_goods_info` VALUES ('10778', '怡亲 宠物折叠洗澡盆 易收纳 120*30cm', '优质商品', '118', '/goods-img/shoppicpath11559627379_y.jpg', '/goods-img/shoppicpath11559627379_y.jpg', '商品介绍加载中...', '135', '135', '1000', '', '0', '0', '2020-04-01 21:04:09', '0', '2020-04-01 21:04:09', null);
INSERT INTO `tb_newbee_mall_goods_info` VALUES ('10779', '怡亲Yoken 竹炭去味干爽尿片 便后清理 猫狗通用', '优质商品', '113', '/goods-img/shoppicpath11551249597_y.jpg', '/goods-img/shoppicpath11551249597_y.jpg', '商品介绍加载中...', '12', '12', '999', '', '0', '0', '2020-04-01 21:04:09', '0', '2020-04-01 21:04:09', null);
INSERT INTO `tb_newbee_mall_goods_info` VALUES ('10780', '特瑞仕 宠物洗澡沐浴吸水毛巾 犬猫通用', '优质商品', '118', '/goods-img/shoppicpath11540462331_y.jpg', '/goods-img/shoppicpath11540462331_y.jpg', '商品介绍加载中...', '35', '35', '1000', '', '0', '0', '2020-04-01 21:04:10', '0', '2020-04-01 21:04:10', null);
INSERT INTO `tb_newbee_mall_goods_info` VALUES ('10781', '小宠EHD 宠物环境祛味消毒液 白兰香型 500ml', '优质商品', '113', '/goods-img/shoppicpath11574833929_y.jpg', '/goods-img/shoppicpath11574833929_y.jpg', '商品介绍加载中...', '35', '35', '1000', '', '0', '0', '2020-04-01 21:04:10', '0', '2020-04-01 21:04:10', null);
INSERT INTO `tb_newbee_mall_goods_info` VALUES ('10782', '爱丽思IRIS 银离子消毒宠物纸巾湿巾 80片启封装*5联包', '优质商品', '113', '/goods-img/shoppicpath11509934962_y.jpg', '/goods-img/shoppicpath11509934962_y.jpg', '商品介绍加载中...', '60', '60', '1000', '', '0', '0', '2020-04-01 21:04:10', '0', '2020-04-01 21:04:10', null);
INSERT INTO `tb_newbee_mall_goods_info` VALUES ('10783', '尼可信 便便袋 狗狗便袋', '优质商品', '113', '/goods-img/shoppicpath11561533985_y.jpg', '/goods-img/shoppicpath11561533985_y.jpg', '商品介绍加载中...', '6', '6', '1000', '', '0', '0', '2020-04-01 21:04:10', '0', '2020-04-01 21:04:10', null);
INSERT INTO `tb_newbee_mall_goods_info` VALUES ('10784', '中恒 竹炭宠物尿片整包 猫狗兔等通用', '优质商品', '113', '/goods-img/shoppicpath11540893085_y.jpg', '/goods-img/shoppicpath11540893085_y.jpg', '商品介绍加载中...', '39', '39', '1000', '', '0', '0', '2020-04-01 21:04:10', '0', '2020-04-01 21:04:10', null);
INSERT INTO `tb_newbee_mall_goods_info` VALUES ('10785', '中恒 混合装拾便袋4卷（颜色随机发货）', '优质商品', '113', '/goods-img/shoppicpath11440394622_y.jpg', '/goods-img/shoppicpath11440394622_y.jpg', '商品介绍加载中...', '7', '7', '1000', '', '0', '0', '2020-04-01 21:04:10', '0', '2020-04-01 21:04:10', null);
INSERT INTO `tb_newbee_mall_goods_info` VALUES ('10786', '中恒 竹炭吸臭宠物尿片 单片', '优质商品', '113', '/goods-img/shoppicpath11540456018_y.jpg', '/goods-img/shoppicpath11540456018_y.jpg', '商品介绍加载中...', '1', '1', '1000', '', '0', '0', '2020-04-01 21:04:10', '0', '2020-04-01 21:04:10', null);
INSERT INTO `tb_newbee_mall_goods_info` VALUES ('10787', '派锐 猫狗用眼睛湿巾 100片 去除眼垢无刺激 触感柔软 宠物清洁', '优质商品', '113', '/goods-img/shoppicpath11542271173_y.jpg', '/goods-img/shoppicpath11542271173_y.jpg', '商品介绍加载中...', '18', '18', '1000', '', '0', '0', '2020-04-01 21:04:10', '0', '2020-04-01 21:04:10', null);
INSERT INTO `tb_newbee_mall_goods_info` VALUES ('10788', '日本多格漫Doggyman 宠物湿巾70抽15cm*20cm 宠物清洁', '优质商品', '113', '/goods-img/shoppicpath11469515727_y.jpg', '/goods-img/shoppicpath11469515727_y.jpg', '商品介绍加载中...', '19', '19', '1000', '', '0', '0', '2020-04-01 21:04:10', '0', '2020-04-01 21:04:10', null);
INSERT INTO `tb_newbee_mall_goods_info` VALUES ('10789', '喜乐蒂 宠物吹水机低噪大功率可调节风率', '优质商品', '118', '/goods-img/shoppicpath11539745439_y.jpg', '/goods-img/shoppicpath11539745439_y.jpg', '商品介绍加载中...', '356', '356', '1000', '', '0', '0', '2020-04-01 21:04:10', '0', '2020-04-01 21:04:10', null);
INSERT INTO `tb_newbee_mall_goods_info` VALUES ('10790', '派锐 宠物去除异味清新剂 500ml 猫狗通用', '优质商品', '113', '/goods-img/shoppicpath11540469514_y.jpg', '/goods-img/shoppicpath11540469514_y.jpg', '商品介绍加载中...', '28', '28', '1000', '', '0', '0', '2020-04-01 21:04:10', '0', '2020-04-01 21:04:10', null);
INSERT INTO `tb_newbee_mall_goods_info` VALUES ('10791', '捣蛋鬼 宠物清洁器拾便器', '优质商品', '113', '/goods-img/picpath31369622855_y.jpg', '/goods-img/picpath31369622855_y.jpg', '商品介绍加载中...', '10', '10', '1000', '', '0', '0', '2020-04-01 21:04:10', '0', '2020-04-01 21:04:10', null);
INSERT INTO `tb_newbee_mall_goods_info` VALUES ('10792', '船记 哈啰佩特系列  宠物洗澡刷 全体型犬通用', '优质商品', '118', '/goods-img/shoppicpath11570610113_y.jpg', '/goods-img/shoppicpath11570610113_y.jpg', '商品介绍加载中...', '62', '62', '1000', '', '0', '0', '2020-04-01 21:04:10', '0', '2020-04-01 21:04:10', null);
INSERT INTO `tb_newbee_mall_goods_info` VALUES ('10793', '云禾 小飞侠A9宠物迷你型吹水机  2500W', '优质商品', '118', '/goods-img/shoppicpath11561035390_y.jpg', '/goods-img/shoppicpath11561035390_y.jpg', '商品介绍加载中...', '405', '405', '1000', '', '0', '0', '2020-04-01 21:04:10', '0', '2020-04-01 21:04:10', null);
INSERT INTO `tb_newbee_mall_goods_info` VALUES ('10794', '爱丽思IRIS 超厚型洁垫尿垫', '优质商品', '113', '/goods-img/shoppicpath11430210414_y.jpg', '/goods-img/shoppicpath11430210414_y.jpg', '商品介绍加载中...', '35', '35', '1000', '', '0', '0', '2020-04-01 21:04:10', '0', '2020-04-01 21:04:10', null);
INSERT INTO `tb_newbee_mall_goods_info` VALUES ('10795', '云禾 黑金钢宠物吹水机A6-2800w 狗狗吹风机', '优质商品', '118', '/goods-img/shoppicpath11561038172_y.jpg', '/goods-img/shoppicpath11561038172_y.jpg', '商品介绍加载中...', '504', '504', '1000', '', '0', '0', '2020-04-01 21:04:10', '0', '2020-04-01 21:04:10', null);
INSERT INTO `tb_newbee_mall_goods_info` VALUES ('10796', '怡亲 宠物洗澡圈 狗狗洗澡神器小号', '优质商品', '118', '/goods-img/shoppicpath11524100951_y.jpg', '/goods-img/shoppicpath11524100951_y.jpg', '商品介绍加载中...', '129', '129', '1000', '', '0', '0', '2020-04-01 21:04:11', '0', '2020-04-01 21:04:11', null);
INSERT INTO `tb_newbee_mall_goods_info` VALUES ('10797', '喜乐蒂 宠物专用吹水机 双马达强力速干', '优质商品', '118', '/goods-img/shoppicpath11540895955_y.jpg', '/goods-img/shoppicpath11540895955_y.jpg', '商品介绍加载中...', '650', '650', '1000', '', '0', '0', '2020-04-01 21:04:11', '0', '2020-04-01 21:04:11', null);
INSERT INTO `tb_newbee_mall_goods_info` VALUES ('10798', '春舟 可移动式双马达吹风机E22-2300', '优质商品', '118', '/goods-img/shoppicpath11561037742_y.jpg', '/goods-img/shoppicpath11561037742_y.jpg', '商品介绍加载中...', '828', '828', '1000', '', '0', '0', '2020-04-01 21:04:11', '0', '2020-04-01 21:04:11', null);
INSERT INTO `tb_newbee_mall_goods_info` VALUES ('10799', '酷极Kyjen 耐咬网球训导狗狗玩具', '优质商品', '119', '/goods-img/shoppicpath11548209941_y.jpg', '/goods-img/shoppicpath11548209941_y.jpg', '商品介绍加载中...', '9', '9', '1000', '', '0', '0', '2020-04-01 21:04:11', '0', '2020-04-01 21:04:11', null);
INSERT INTO `tb_newbee_mall_goods_info` VALUES ('10800', '美国酷极Kyjen 狗狗咬胶耐咬益智扭扭棒', '优质商品', '119', '/goods-img/shoppicpath11546581266_y.jpg', '/goods-img/shoppicpath11546581266_y.jpg', '商品介绍加载中...', '19', '19', '1000', '', '0', '0', '2020-04-01 21:04:11', '0', '2020-04-01 21:04:11', null);
INSERT INTO `tb_newbee_mall_goods_info` VALUES ('10801', '酷极Kyjen 狗狗发声网球三只装 狗狗玩具', '优质商品', '119', '/goods-img/shoppicpath11536042983_y.jpg', '/goods-img/shoppicpath11536042983_y.jpg', '商品介绍加载中...', '24', '24', '1000', '', '0', '0', '2020-04-01 21:04:11', '0', '2020-04-01 21:04:11', null);
INSERT INTO `tb_newbee_mall_goods_info` VALUES ('10802', '贵为GiGwi G-Ball透明球发声狗狗玩具', '优质商品', '119', '/goods-img/shoppicpath11569821924_y.jpg', '/goods-img/shoppicpath11569821924_y.jpg', '商品介绍加载中...', '18', '18', '1000', '', '0', '0', '2020-04-01 21:04:11', '0', '2020-04-01 21:04:11', null);
INSERT INTO `tb_newbee_mall_goods_info` VALUES ('10803', '千羽 8字棉绳拉环洁齿磨牙狗狗玩具', '优质商品', '119', '/goods-img/shoppicpath11569408031_y.jpg', '/goods-img/shoppicpath11569408031_y.jpg', '商品介绍加载中...', '18', '18', '1000', '', '0', '0', '2020-04-01 21:04:11', '0', '2020-04-01 21:04:11', null);
INSERT INTO `tb_newbee_mall_goods_info` VALUES ('10804', '千羽 宠物棉绳抛掷球 猫狗通用玩具', '优质商品', '119', '/goods-img/shoppicpath11451037164_y.jpg', '/goods-img/shoppicpath11451037164_y.jpg', '商品介绍加载中...', '20', '20', '1000', '', '0', '0', '2020-04-01 21:04:11', '0', '2020-04-01 21:04:11', null);
INSERT INTO `tb_newbee_mall_goods_info` VALUES ('10805', '尼可信 笑口常开球 互动娱乐', '优质商品', '119', '/goods-img/shoppicpath21562063979_y.jpg', '/goods-img/shoppicpath21562063979_y.jpg', '商品介绍加载中...', '20', '20', '1000', '', '0', '0', '2020-04-01 21:04:11', '0', '2020-04-01 21:04:11', null);
INSERT INTO `tb_newbee_mall_goods_info` VALUES ('10806', '酷极Kyjen 拉拉系列耐磨耐咬狗狗玩具', '优质商品', '119', '/goods-img/shoppicpath11540896831_y.jpg', '/goods-img/shoppicpath11540896831_y.jpg', '商品介绍加载中...', '99', '99', '1000', '', '0', '0', '2020-04-01 21:04:11', '0', '2020-04-01 21:04:11', null);
INSERT INTO `tb_newbee_mall_goods_info` VALUES ('10807', '酷极Kyjen 邪恶小分队狗狗玩具', '优质商品', '119', '/goods-img/shoppicpath11540896456_y.jpg', '/goods-img/shoppicpath11540896456_y.jpg', '商品介绍加载中...', '48', '48', '1000', '', '0', '0', '2020-04-01 21:04:11', '0', '2020-04-01 21:04:11', null);
INSERT INTO `tb_newbee_mall_goods_info` VALUES ('10808', '美国酷极Kyjen 探险小分队系列磨牙发声狗狗玩具', '优质商品', '119', '/goods-img/shoppicpath11569827054_y.jpg', '/goods-img/shoppicpath11569827054_y.jpg', '商品介绍加载中...', '59', '59', '1000', '', '0', '0', '2020-04-01 21:04:11', '0', '2020-04-01 21:04:11', null);
INSERT INTO `tb_newbee_mall_goods_info` VALUES ('10809', '酷极Kyjen BB鸡耐磨耐药益智类狗狗玩具', '优质商品', '119', '/goods-img/shoppicpath11540896872_y.jpg', '/goods-img/shoppicpath11540896872_y.jpg', '商品介绍加载中...', '89', '89', '1000', '', '0', '0', '2020-04-01 21:04:11', '0', '2020-04-01 21:04:11', null);
INSERT INTO `tb_newbee_mall_goods_info` VALUES ('10810', '酷极Kyjen 火龙德雷克耐咬发声狗狗玩具', '优质商品', '119', '/goods-img/shoppicpath11540896894_y.jpg', '/goods-img/shoppicpath11540896894_y.jpg', '商品介绍加载中...', '89', '89', '1000', '', '0', '0', '2020-04-01 21:04:11', '0', '2020-04-01 21:04:11', null);
INSERT INTO `tb_newbee_mall_goods_info` VALUES ('10811', '伊丽 宠物乳胶发声玩具惨叫鸡 犬猫通用', '优质商品', '119', '/goods-img/shoppicpath11576207646_y.jpg', '/goods-img/shoppicpath11576207646_y.jpg', '商品介绍加载中...', '25', '25', '1000', '', '0', '0', '2020-04-01 21:04:11', '0', '2020-04-01 21:04:11', null);
INSERT INTO `tb_newbee_mall_goods_info` VALUES ('10812', '美国Zeedog 几何形狗狗漏食玩具', '优质商品', '119', '/goods-img/shoppicpath11554963761_y.jpg', '/goods-img/shoppicpath11554963761_y.jpg', '商品介绍加载中...', '69', '69', '1000', '', '0', '0', '2020-04-01 21:04:11', '0', '2020-04-01 21:04:11', null);
INSERT INTO `tb_newbee_mall_goods_info` VALUES ('10813', '酷极Kyjen 蜥蜴艾伯特耐磨耐药益智类狗狗玩具', '优质商品', '119', '/goods-img/shoppicpath11540896916_y.jpg', '/goods-img/shoppicpath11540896916_y.jpg', '商品介绍加载中...', '79', '79', '1000', '', '0', '0', '2020-04-01 21:04:11', '0', '2020-04-01 21:04:11', null);
INSERT INTO `tb_newbee_mall_goods_info` VALUES ('10814', '伊丽Elite 糖果色棉绳带拉环实心球 狗玩具 清洁牙齿', '优质商品', '119', '/goods-img/shoppicpath21501142337_y.jpg', '/goods-img/shoppicpath21501142337_y.jpg', '商品介绍加载中...', '5', '5', '1000', '', '0', '0', '2020-04-01 21:04:12', '0', '2020-04-01 21:04:12', null);
INSERT INTO `tb_newbee_mall_goods_info` VALUES ('10815', '伊丽Elite 布条实心绳结磨牙洁齿玩具 中大型犬类用', '优质商品', '119', '/goods-img/shoppicpath11540463874_y.jpg', '/goods-img/shoppicpath11540463874_y.jpg', '商品介绍加载中...', '18', '18', '1000', '', '0', '0', '2020-04-01 21:04:12', '0', '2020-04-01 21:04:12', null);
INSERT INTO `tb_newbee_mall_goods_info` VALUES ('10816', '伊丽 宠物网球 互动娱乐', '优质商品', '119', '/goods-img/shoppicpath11566201153_y.jpg', '/goods-img/shoppicpath11566201153_y.jpg', '商品介绍加载中...', '29', '29', '1000', '', '0', '0', '2020-04-01 21:04:12', '0', '2020-04-01 21:04:12', null);
INSERT INTO `tb_newbee_mall_goods_info` VALUES ('10817', 'Petmate Chuckit!经典弹球3只混装二代 狗狗玩具', '优质商品', '119', '/goods-img/shoppicpath11540896055_y.jpg', '/goods-img/shoppicpath11540896055_y.jpg', '商品介绍加载中...', '59', '59', '1000', '', '0', '0', '2020-04-01 21:04:12', '0', '2020-04-01 21:04:12', null);
INSERT INTO `tb_newbee_mall_goods_info` VALUES ('10818', '维克 蜱虫宠物玩具 狗玩具', '优质商品', '119', '/goods-img/shoppicpath11569401627_y.jpg', '/goods-img/shoppicpath11569401627_y.jpg', '商品介绍加载中...', '30', '30', '1000', '', '0', '0', '2020-04-01 21:04:12', '0', '2020-04-01 21:04:12', null);
INSERT INTO `tb_newbee_mall_goods_info` VALUES ('10819', '伊丽Elite 乳胶发声狗玩具 中小型犬用', '优质商品', '120', '/goods-img/shoppicpath11556099517_y.jpg', '/goods-img/shoppicpath11556099517_y.jpg', '商品介绍加载中...', '9', '9', '1000', '', '0', '0', '2020-04-01 21:04:12', '0', '2020-04-01 21:04:12', null);
INSERT INTO `tb_newbee_mall_goods_info` VALUES ('10820', '宜特 狗狗耐咬弯骨牛皮磨牙棒', '优质商品', '120', '/goods-img/shoppicpath11539742207_y.jpg', '/goods-img/shoppicpath11539742207_y.jpg', '商品介绍加载中...', '18', '18', '1000', '', '0', '0', '2020-04-01 21:04:12', '0', '2020-04-01 21:04:12', null);
INSERT INTO `tb_newbee_mall_goods_info` VALUES ('10821', '伊丽Elite 糖果色拖鞋状绳节狗狗棉耐啃咬磨牙玩具', '优质商品', '120', '/goods-img/shoppicpath11560959599_y.jpg', '/goods-img/shoppicpath11560959599_y.jpg', '商品介绍加载中...', '9', '9', '1000', '', '0', '0', '2020-04-01 21:04:12', '0', '2020-04-01 21:04:12', null);
INSERT INTO `tb_newbee_mall_goods_info` VALUES ('10822', '伊丽Elite 布条狗玩具 宠物玩具', '优质商品', '120', '/goods-img/shoppicpath11501145261_y.jpg', '/goods-img/shoppicpath11501145261_y.jpg', '商品介绍加载中...', '9', '9', '1000', '', '0', '0', '2020-04-01 21:04:12', '0', '2020-04-01 21:04:12', null);
INSERT INTO `tb_newbee_mall_goods_info` VALUES ('10823', '伊丽Elite 双色拖鞋状棉绳节狗狗耐啃咬磨牙玩具', '优质商品', '120', '/goods-img/shoppicpath11501144121_y.jpg', '/goods-img/shoppicpath11501144121_y.jpg', '商品介绍加载中...', '9', '9', '1000', '', '0', '0', '2020-04-01 21:04:12', '0', '2020-04-01 21:04:12', null);
INSERT INTO `tb_newbee_mall_goods_info` VALUES ('10824', 'Pawise 狗狗用宠物玩具洁齿棒', '优质商品', '120', '/goods-img/shoppicpath11540896764_y.jpg', '/goods-img/shoppicpath11540896764_y.jpg', '商品介绍加载中...', '24', '24', '1000', '', '0', '0', '2020-04-01 21:04:12', '0', '2020-04-01 21:04:12', null);
INSERT INTO `tb_newbee_mall_goods_info` VALUES ('10825', 'Pawise 双色TPR叫嘴球 狗狗洁齿玩具球', '优质商品', '120', '/goods-img/shoppicpath11449713192_y.jpg', '/goods-img/shoppicpath11449713192_y.jpg', '商品介绍加载中...', '18', '18', '1000', '', '0', '0', '2020-04-01 21:04:12', '0', '2020-04-01 21:04:12', null);
INSERT INTO `tb_newbee_mall_goods_info` VALUES ('10826', '日本多格漫Doggyman 木制训犬狗狗玩具/磨牙棒/哑铃 三款可选', '优质商品', '120', '/goods-img/shoppicpath11569223418_y.jpg', '/goods-img/shoppicpath11569223418_y.jpg', '商品介绍加载中...', '20', '20', '1000', '', '0', '0', '2020-04-01 21:04:12', '0', '2020-04-01 21:04:12', null);
INSERT INTO `tb_newbee_mall_goods_info` VALUES ('10827', '千羽 狗狗橡胶磨牙骨', '优质商品', '120', '/goods-img/shoppicpath21569828354_y.jpg', '/goods-img/shoppicpath21569828354_y.jpg', '商品介绍加载中...', '16', '16', '1000', '', '0', '0', '2020-04-01 21:04:12', '0', '2020-04-01 21:04:12', null);
INSERT INTO `tb_newbee_mall_goods_info` VALUES ('10828', 'Pawise 狗狗玩具洁齿骨', '优质商品', '120', '/goods-img/shoppicpath11540347539_y.jpg', '/goods-img/shoppicpath11540347539_y.jpg', '商品介绍加载中...', '16', '16', '1000', '', '0', '0', '2020-04-01 21:04:12', '0', '2020-04-01 21:04:12', null);
INSERT INTO `tb_newbee_mall_goods_info` VALUES ('10829', '千羽 8字棉绳拉环洁齿磨牙狗狗玩具', '优质商品', '120', '/goods-img/shoppicpath11569408031_y.jpg', '/goods-img/shoppicpath11569408031_y.jpg', '商品介绍加载中...', '18', '18', '1000', '', '0', '0', '2020-04-01 21:04:12', '0', '2020-04-01 21:04:12', null);
INSERT INTO `tb_newbee_mall_goods_info` VALUES ('10830', '千羽 宠物晶莹磨牙洁齿骨狗狗玩具', '优质商品', '120', '/goods-img/shoppicpath11569821851_y.jpg', '/goods-img/shoppicpath11569821851_y.jpg', '商品介绍加载中...', '20', '20', '1000', '', '0', '0', '2020-04-01 21:04:12', '0', '2020-04-01 21:04:12', null);
INSERT INTO `tb_newbee_mall_goods_info` VALUES ('10831', '宜特 狗狗耐咬宠物圆环磨牙棒', '优质商品', '120', '/goods-img/shoppicpath11533800052_y.jpg', '/goods-img/shoppicpath11533800052_y.jpg', '商品介绍加载中...', '18', '18', '1000', '', '0', '0', '2020-04-01 21:04:13', '0', '2020-04-01 21:04:13', null);
INSERT INTO `tb_newbee_mall_goods_info` VALUES ('10832', '宜特 狗狗耐咬宠物鸡腿磨牙棒', '优质商品', '120', '/goods-img/shoppicpath11533708821_y.jpg', '/goods-img/shoppicpath11533708821_y.jpg', '商品介绍加载中...', '18', '18', '1000', '', '0', '0', '2020-04-01 21:04:13', '0', '2020-04-01 21:04:13', null);
INSERT INTO `tb_newbee_mall_goods_info` VALUES ('10833', '宜特 狗狗耐咬宠物鸡翅磨牙棒', '优质商品', '120', '/goods-img/shoppicpath11560960133_y.jpg', '/goods-img/shoppicpath11560960133_y.jpg', '商品介绍加载中...', '18', '18', '1000', '', '0', '0', '2020-04-01 21:04:13', '0', '2020-04-01 21:04:13', null);
INSERT INTO `tb_newbee_mall_goods_info` VALUES ('10834', '千羽 宠物棉绳抛掷球 猫狗通用玩具', '优质商品', '120', '/goods-img/shoppicpath11451037164_y.jpg', '/goods-img/shoppicpath11451037164_y.jpg', '商品介绍加载中...', '20', '20', '1000', '', '0', '0', '2020-04-01 21:04:13', '0', '2020-04-01 21:04:13', null);
INSERT INTO `tb_newbee_mall_goods_info` VALUES ('10835', '千羽 宠物玩具洁齿轮狗狗玩具 颜色随机', '优质商品', '120', '/goods-img/shoppicpath11569822053_y.jpg', '/goods-img/shoppicpath11569822053_y.jpg', '商品介绍加载中...', '36', '36', '1000', '', '0', '0', '2020-04-01 21:04:13', '0', '2020-04-01 21:04:13', null);
INSERT INTO `tb_newbee_mall_goods_info` VALUES ('10836', '千羽 趣味零食球漏食猫狗通用玩具', '优质商品', '120', '/goods-img/shoppicpath11540463047_y.jpg', '/goods-img/shoppicpath11540463047_y.jpg', '商品介绍加载中...', '20', '20', '1000', '', '0', '0', '2020-04-01 21:04:13', '0', '2020-04-01 21:04:13', null);
INSERT INTO `tb_newbee_mall_goods_info` VALUES ('10837', '千羽 橡胶磨牙洁齿叮当球发声狗狗玩具', '优质商品', '120', '/goods-img/shoppicpath11540463244_y.jpg', '/goods-img/shoppicpath11540463244_y.jpg', '商品介绍加载中...', '22', '22', '1000', '', '0', '0', '2020-04-01 21:04:13', '0', '2020-04-01 21:04:13', null);
INSERT INTO `tb_newbee_mall_goods_info` VALUES ('10838', '宜特 狗狗耐咬宠物飞碟磨牙棒', '优质商品', '120', '/goods-img/shoppicpath11533800118_y.jpg', '/goods-img/shoppicpath11533800118_y.jpg', '商品介绍加载中...', '18', '18', '1000', '', '0', '0', '2020-04-01 21:04:13', '0', '2020-04-01 21:04:13', null);
INSERT INTO `tb_newbee_mall_goods_info` VALUES ('10839', 'AFP 互动玩具系列网球奖励机 狗狗玩具', '优质商品', '121', '/goods-img/shoppicpath11569407065_y.jpg', '/goods-img/shoppicpath11569407065_y.jpg', '商品介绍加载中...', '89', '89', '1000', '', '0', '0', '2020-04-01 21:04:13', '0', '2020-04-01 21:04:13', null);
INSERT INTO `tb_newbee_mall_goods_info` VALUES ('10840', '酷极Kyjen 小号版巨爪抓子翻板益智玩具 狗狗玩具', '优质商品', '121', '/goods-img/shoppicpath11561372819_y.jpg', '/goods-img/shoppicpath11561372819_y.jpg', '商品介绍加载中...', '34', '34', '1000', '', '0', '0', '2020-04-01 21:04:13', '0', '2020-04-01 21:04:13', null);
INSERT INTO `tb_newbee_mall_goods_info` VALUES ('10841', '酷极Kyjen mini型美食转盘 狗狗玩具', '优质商品', '121', '/goods-img/shoppicpath21569826739_y.jpg', '/goods-img/shoppicpath21569826739_y.jpg', '商品介绍加载中...', '49', '49', '1000', '', '0', '0', '2020-04-01 21:04:13', '0', '2020-04-01 21:04:13', null);
INSERT INTO `tb_newbee_mall_goods_info` VALUES ('10842', '酷极kyjen 七连环益智狗狗玩具', '优质商品', '121', '/goods-img/shoppicpath41571208479_y.jpg', '/goods-img/shoppicpath41571208479_y.jpg', '商品介绍加载中...', '119', '119', '1000', '', '0', '0', '2020-04-01 21:04:13', '0', '2020-04-01 21:04:13', null);
INSERT INTO `tb_newbee_mall_goods_info` VALUES ('10843', '酷极Kyjen 字谜寻宝益智狗狗玩具', '优质商品', '121', '/goods-img/shoppicpath11540897309_y.jpg', '/goods-img/shoppicpath11540897309_y.jpg', '商品介绍加载中...', '79', '79', '1000', '', '0', '0', '2020-04-01 21:04:13', '0', '2020-04-01 21:04:13', null);
INSERT INTO `tb_newbee_mall_goods_info` VALUES ('10844', '酷极kyjen 巨石阵益智狗狗玩具', '优质商品', '121', '/goods-img/shoppicpath11571207892_y.jpg', '/goods-img/shoppicpath11571207892_y.jpg', '商品介绍加载中...', '79', '79', '1000', '', '0', '0', '2020-04-01 21:04:13', '0', '2020-04-01 21:04:13', null);
INSERT INTO `tb_newbee_mall_goods_info` VALUES ('10845', '贵为GiGwi 狗狗智食堡智商训练喂食器', '优质商品', '121', '/goods-img/shoppicpath11550632713_y.jpg', '/goods-img/shoppicpath11550632713_y.jpg', '商品介绍加载中...', '385', '385', '1000', '', '0', '0', '2020-04-01 21:04:14', '0', '2020-04-01 21:04:14', null);
INSERT INTO `tb_newbee_mall_goods_info` VALUES ('10846', '美国酷极Kyjen 九连环新配色益智狗玩具 马卡龙色', '优质商品', '121', '/goods-img/shoppicpath11579242368_y.jpg', '/goods-img/shoppicpath11579242368_y.jpg', '商品介绍加载中...', '139', '139', '1000', '', '0', '0', '2020-04-01 21:04:14', '0', '2020-04-01 21:04:14', null);
INSERT INTO `tb_newbee_mall_goods_info` VALUES ('10847', '美国酷极Kyjen 骨头旋风新配色益智狗玩具 珊瑚橙', '优质商品', '121', '/goods-img/shoppicpath11579241610_y.jpg', '/goods-img/shoppicpath11579241610_y.jpg', '商品介绍加载中...', '109', '109', '1000', '', '0', '0', '2020-04-01 21:04:14', '0', '2020-04-01 21:04:14', null);
INSERT INTO `tb_newbee_mall_goods_info` VALUES ('10848', '美国酷极Kyjen 七连环新配色益智狗玩具 天空蓝', '优质商品', '121', '/goods-img/shoppicpath11579242205_y.jpg', '/goods-img/shoppicpath11579242205_y.jpg', '商品介绍加载中...', '119', '119', '1000', '', '0', '0', '2020-04-01 21:04:14', '0', '2020-04-01 21:04:14', null);
INSERT INTO `tb_newbee_mall_goods_info` VALUES ('10849', '美国酷极Kyjen 巨石阵新配色益智狗玩具 珊瑚橙', '优质商品', '121', '/goods-img/shoppicpath11579242018_y.jpg', '/goods-img/shoppicpath11579242018_y.jpg', '商品介绍加载中...', '79', '79', '1000', '', '0', '0', '2020-04-01 21:04:14', '0', '2020-04-01 21:04:14', null);
INSERT INTO `tb_newbee_mall_goods_info` VALUES ('10850', '酷极Kyjen 火山寻宝益智狗狗玩具', '优质商品', '121', '/goods-img/shoppicpath11540897043_y.jpg', '/goods-img/shoppicpath11540897043_y.jpg', '商品介绍加载中...', '49', '49', '1000', '', '0', '0', '2020-04-01 21:04:14', '0', '2020-04-01 21:04:14', null);
INSERT INTO `tb_newbee_mall_goods_info` VALUES ('10851', '酷极kyjen 龙卷风暴益智狗狗玩具', '优质商品', '121', '/goods-img/shoppicpath21571208237_y.jpg', '/goods-img/shoppicpath21571208237_y.jpg', '商品介绍加载中...', '139', '139', '1000', '', '0', '0', '2020-04-01 21:04:14', '0', '2020-04-01 21:04:14', null);
INSERT INTO `tb_newbee_mall_goods_info` VALUES ('10852', '酷极kyjen 移动宝盒益智狗狗玩具', '优质商品', '121', '/goods-img/shoppicpath11571208103_y.jpg', '/goods-img/shoppicpath11571208103_y.jpg', '商品介绍加载中...', '109', '109', '1000', '', '0', '0', '2020-04-01 21:04:14', '0', '2020-04-01 21:04:14', null);
INSERT INTO `tb_newbee_mall_goods_info` VALUES ('10853', '酷极Kyjen 九连环益智训练狗狗玩具', '优质商品', '121', '/goods-img/shoppicpath41571208604_y.jpg', '/goods-img/shoppicpath41571208604_y.jpg', '商品介绍加载中...', '139', '139', '1000', '', '0', '0', '2020-04-01 21:04:14', '0', '2020-04-01 21:04:14', null);
INSERT INTO `tb_newbee_mall_goods_info` VALUES ('10854', '酷极Kyjen 狗狗娱乐场益智训练狗狗玩具', '优质商品', '121', '/goods-img/shoppicpath11540897187_y.jpg', '/goods-img/shoppicpath11540897187_y.jpg', '商品介绍加载中...', '129', '129', '1000', '', '0', '0', '2020-04-01 21:04:14', '0', '2020-04-01 21:04:14', null);
INSERT INTO `tb_newbee_mall_goods_info` VALUES ('10855', '酷极Kyjen 骨头旋风益智狗狗玩具', '优质商品', '121', '/goods-img/shoppicpath11540897268_y.jpg', '/goods-img/shoppicpath11540897268_y.jpg', '商品介绍加载中...', '109', '109', '1000', '', '0', '0', '2020-04-01 21:04:14', '0', '2020-04-01 21:04:14', null);
INSERT INTO `tb_newbee_mall_goods_info` VALUES ('10856', '酷极kyjen 九珍披萨益智狗狗玩具', '优质商品', '121', '/goods-img/shoppicpath11570612630_y.jpg', '/goods-img/shoppicpath11570612630_y.jpg', '商品介绍加载中...', '69', '69', '1000', '', '0', '0', '2020-04-01 21:04:14', '0', '2020-04-01 21:04:14', null);
INSERT INTO `tb_newbee_mall_goods_info` VALUES ('10857', 'AFP 迷你网球机训导狗狗玩具', '优质商品', '121', '/goods-img/shoppicpath11540897110_y.jpg', '/goods-img/shoppicpath11540897110_y.jpg', '商品介绍加载中...', '299', '299', '1000', '', '0', '0', '2020-04-01 21:04:15', '0', '2020-04-01 21:04:15', null);
INSERT INTO `tb_newbee_mall_goods_info` VALUES ('10858', '酷极kyjen 迷之飞碟益智狗狗玩具', '优质商品', '121', '/goods-img/shoppicpath11540897357_y.jpg', '/goods-img/shoppicpath11540897357_y.jpg', '商品介绍加载中...', '79', '79', '1000', '', '0', '0', '2020-04-01 21:04:15', '0', '2020-04-01 21:04:15', null);
INSERT INTO `tb_newbee_mall_goods_info` VALUES ('10859', '酷极Kyjen 耐咬网球训导狗狗玩具', '优质商品', '122', '/goods-img/shoppicpath11548209941_y.jpg', '/goods-img/shoppicpath11548209941_y.jpg', '商品介绍加载中...', '9', '9', '1000', '', '0', '0', '2020-04-01 21:04:15', '0', '2020-04-01 21:04:15', null);
INSERT INTO `tb_newbee_mall_goods_info` VALUES ('10860', '捣蛋鬼 训犬爱心拍 63cm 狗狗玩具 好质量软塑胶', '优质商品', '122', '/goods-img/shoppicpath21440742401_y.jpg', '/goods-img/shoppicpath21440742401_y.jpg', '商品介绍加载中...', '9', '9', '1000', '', '0', '0', '2020-04-01 21:04:15', '0', '2020-04-01 21:04:15', null);
INSERT INTO `tb_newbee_mall_goods_info` VALUES ('10861', '宜特 狗狗耐咬发声磨牙橡胶球', '优质商品', '122', '/goods-img/shoppicpath11533795586_y.jpg', '/goods-img/shoppicpath11533795586_y.jpg', '商品介绍加载中...', '12', '12', '1000', '', '0', '0', '2020-04-01 21:04:15', '0', '2020-04-01 21:04:15', null);
INSERT INTO `tb_newbee_mall_goods_info` VALUES ('10862', '美国酷极Kyjen 爱乐风狗狗飞盘', '优质商品', '122', '/goods-img/shoppicpath11540896139_y.jpg', '/goods-img/shoppicpath11540896139_y.jpg', '商品介绍加载中...', '49', '49', '1000', '', '0', '0', '2020-04-01 21:04:15', '0', '2020-04-01 21:04:15', null);
INSERT INTO `tb_newbee_mall_goods_info` VALUES ('10863', '酷极Kyjen 狗狗发声网球三只装 狗狗玩具', '优质商品', '122', '/goods-img/shoppicpath11536042983_y.jpg', '/goods-img/shoppicpath11536042983_y.jpg', '商品介绍加载中...', '24', '24', '1000', '', '0', '0', '2020-04-01 21:04:15', '0', '2020-04-01 21:04:15', null);
INSERT INTO `tb_newbee_mall_goods_info` VALUES ('10864', '日本多格漫Doggyman 木制训犬狗狗玩具/磨牙棒/哑铃 三款可选', '优质商品', '122', '/goods-img/shoppicpath11569223418_y.jpg', '/goods-img/shoppicpath11569223418_y.jpg', '商品介绍加载中...', '20', '20', '1000', '', '0', '0', '2020-04-01 21:04:15', '0', '2020-04-01 21:04:15', null);
INSERT INTO `tb_newbee_mall_goods_info` VALUES ('10865', '宜特 狗狗耐咬磨牙训练发声玩具球', '优质商品', '122', '/goods-img/shoppicpath11533709160_y.jpg', '/goods-img/shoppicpath11533709160_y.jpg', '商品介绍加载中...', '20', '20', '1000', '', '0', '0', '2020-04-01 21:04:15', '0', '2020-04-01 21:04:15', null);
INSERT INTO `tb_newbee_mall_goods_info` VALUES ('10866', '捣蛋鬼 训犬爱心拍 63cm 狗狗玩具*3个 好质量软塑胶', '优质商品', '122', '/goods-img/shoppicpath11540464145_y.jpg', '/goods-img/shoppicpath11540464145_y.jpg', '商品介绍加载中...', '29', '29', '1000', '', '0', '0', '2020-04-01 21:04:16', '0', '2020-04-01 21:04:16', null);
INSERT INTO `tb_newbee_mall_goods_info` VALUES ('10867', '千羽 飞盘训练互动狗狗玩具', '优质商品', '122', '/goods-img/shoppicpath11540463010_y.jpg', '/goods-img/shoppicpath11540463010_y.jpg', '商品介绍加载中...', '20', '20', '1000', '', '0', '0', '2020-04-01 21:04:16', '0', '2020-04-01 21:04:16', null);
INSERT INTO `tb_newbee_mall_goods_info` VALUES ('10868', '贵为GiGwi 健宝球狗狗玩具', '优质商品', '122', '/goods-img/shoppicpath11538277619_y.jpg', '/goods-img/shoppicpath11538277619_y.jpg', '商品介绍加载中...', '96', '96', '1000', '', '0', '0', '2020-04-01 21:04:16', '0', '2020-04-01 21:04:16', null);
INSERT INTO `tb_newbee_mall_goods_info` VALUES ('10869', '贵为GiGwi 龇牙弹跳毛绒球狗狗玩具', '优质商品', '122', '/goods-img/shoppicpath11540896516_y.jpg', '/goods-img/shoppicpath11540896516_y.jpg', '商品介绍加载中...', '24', '24', '1000', '', '0', '0', '2020-04-01 21:04:16', '0', '2020-04-01 21:04:16', null);
INSERT INTO `tb_newbee_mall_goods_info` VALUES ('10870', '贵为GiGwi 独创G-Ball高弹力发声网球 中大型犬用', '优质商品', '122', '/goods-img/shoppicpath11544695275_y.jpg', '/goods-img/shoppicpath11544695275_y.jpg', '商品介绍加载中...', '26', '26', '1000', '', '0', '0', '2020-04-01 21:04:16', '0', '2020-04-01 21:04:16', null);
INSERT INTO `tb_newbee_mall_goods_info` VALUES ('10871', '贵为GiGwi 软萌发声毛绒狗狗玩具', '优质商品', '122', '/goods-img/shoppicpath11538285971_y.jpg', '/goods-img/shoppicpath11538285971_y.jpg', '商品介绍加载中...', '32', '32', '1000', '', '0', '0', '2020-04-01 21:04:16', '0', '2020-04-01 21:04:16', null);
INSERT INTO `tb_newbee_mall_goods_info` VALUES ('10872', '星记Starmark 狗狗训练飞盘', '优质商品', '122', '/goods-img/shoppicpath11537958090_y.jpg', '/goods-img/shoppicpath11537958090_y.jpg', '商品介绍加载中...', '58', '58', '1000', '', '0', '0', '2020-04-01 21:04:16', '0', '2020-04-01 21:04:16', null);
INSERT INTO `tb_newbee_mall_goods_info` VALUES ('10873', '贵为GiGwi 拉环系列毛绒发声玩具 中大型犬用', '优质商品', '122', '/goods-img/shoppicpath11540362832_y.jpg', '/goods-img/shoppicpath11540362832_y.jpg', '商品介绍加载中...', '89', '89', '1000', '', '0', '0', '2020-04-01 21:04:16', '0', '2020-04-01 21:04:16', null);
INSERT INTO `tb_newbee_mall_goods_info` VALUES ('10874', '贵为GiGwi G-Ball球狗狗玩具 2只装', '优质商品', '122', '/goods-img/shoppicpath11538286910_y.jpg', '/goods-img/shoppicpath11538286910_y.jpg', '商品介绍加载中...', '40', '40', '1000', '', '0', '0', '2020-04-01 21:04:16', '0', '2020-04-01 21:04:16', null);
INSERT INTO `tb_newbee_mall_goods_info` VALUES ('10875', '伊丽Elite 怪声益智球漏食器 狗狗玩具', '优质商品', '123', '/goods-img/shoppicpath11501137359_y.jpg', '/goods-img/shoppicpath11501137359_y.jpg', '商品介绍加载中...', '8', '8', '1000', '', '0', '0', '2020-04-01 21:04:16', '0', '2020-04-01 21:04:16', null);
INSERT INTO `tb_newbee_mall_goods_info` VALUES ('10876', '怡亲Yoken 狗狗漏食球玩具', '优质商品', '123', '/goods-img/shoppicpath31569829214_y.jpg', '/goods-img/shoppicpath31569829214_y.jpg', '商品介绍加载中...', '9', '9', '1000', '', '0', '0', '2020-04-01 21:04:16', '0', '2020-04-01 21:04:16', null);
INSERT INTO `tb_newbee_mall_goods_info` VALUES ('10877', '宜特 狗狗磨牙洁齿耐咬益智漏食球', '优质商品', '123', '/goods-img/shoppicpath11540896561_y.jpg', '/goods-img/shoppicpath11540896561_y.jpg', '商品介绍加载中...', '21', '21', '1000', '', '0', '0', '2020-04-01 21:04:16', '0', '2020-04-01 21:04:16', null);
INSERT INTO `tb_newbee_mall_goods_info` VALUES ('10878', '酷极Kyjen 双色球狗狗玩具 宠物玩具 颜色随机', '优质商品', '123', '/goods-img/shoppicpath21569827414_y.jpg', '/goods-img/shoppicpath21569827414_y.jpg', '商品介绍加载中...', '39', '39', '1000', '', '0', '0', '2020-04-01 21:04:16', '0', '2020-04-01 21:04:16', null);
INSERT INTO `tb_newbee_mall_goods_info` VALUES ('10879', '千羽 趣味零食球漏食猫狗通用玩具', '优质商品', '123', '/goods-img/shoppicpath11540463047_y.jpg', '/goods-img/shoppicpath11540463047_y.jpg', '商品介绍加载中...', '20', '20', '1000', '', '0', '0', '2020-04-01 21:04:17', '0', '2020-04-01 21:04:17', null);
INSERT INTO `tb_newbee_mall_goods_info` VALUES ('10880', 'Pidan棒棒糖漏食球狗狗玩具 边吃边玩 益智控食', '优质商品', '123', '/goods-img/shoppicpath21546580326_y.jpg', '/goods-img/shoppicpath21546580326_y.jpg', '商品介绍加载中...', '59', '59', '1000', '', '0', '0', '2020-04-01 21:04:17', '0', '2020-04-01 21:04:17', null);
INSERT INTO `tb_newbee_mall_goods_info` VALUES ('10881', '美国KONG Puppy幼犬漏食磨牙狗狗花色葫芦玩具 天然橡胶耐咬磨牙', '优质商品', '123', '/goods-img/shoppicpath11561347556_y.jpg', '/goods-img/shoppicpath11561347556_y.jpg', '商品介绍加载中...', '49', '49', '1000', '优质商品', '0', '0', '2020-04-01 21:04:17', '0', '2020-04-01 21:04:17', null);
INSERT INTO `tb_newbee_mall_goods_info` VALUES ('10882', '美国酷极Kyjen 单孔水晶漏食球 狗狗玩具', '优质商品', '123', '/goods-img/shoppicpath21396346499_y.jpg', '/goods-img/shoppicpath21396346499_y.jpg', '商品介绍加载中...', '16', '16', '1000', '', '0', '0', '2020-04-01 21:04:17', '0', '2020-04-01 21:04:17', null);
INSERT INTO `tb_newbee_mall_goods_info` VALUES ('10883', '意潇 橡胶哑铃食物球宠物玩具 狗玩具', '优质商品', '123', '/goods-img/shoppicpath11457596226_y.jpg', '/goods-img/shoppicpath11457596226_y.jpg', '商品介绍加载中...', '7', '7', '1000', '', '0', '0', '2020-04-01 21:04:17', '0', '2020-04-01 21:04:17', null);
INSERT INTO `tb_newbee_mall_goods_info` VALUES ('10884', 'petsafe Busy Buddy* Tug-a-Jug 漏食瓶', '优质商品', '123', '/goods-img/shoppicpath11462932970_y.jpg', '/goods-img/shoppicpath11462932970_y.jpg', '商品介绍加载中...', '74', '74', '1000', '', '0', '0', '2020-04-01 21:04:17', '0', '2020-04-01 21:04:17', null);
INSERT INTO `tb_newbee_mall_goods_info` VALUES ('10885', 'petsafe Busy Buddy* Magic Mushroom 神奇蘑菇', '优质商品', '123', '/goods-img/shoppicpath11462936492_y.jpg', '/goods-img/shoppicpath11462936492_y.jpg', '商品介绍加载中...', '102', '102', '1000', '', '0', '0', '2020-04-01 21:04:17', '0', '2020-04-01 21:04:17', null);
INSERT INTO `tb_newbee_mall_goods_info` VALUES ('10886', '伊丽Elite 发声互动磨牙玩具 适用中小型犬', '优质商品', '124', '/goods-img/shoppicpath11540896255_y.jpg', '/goods-img/shoppicpath11540896255_y.jpg', '商品介绍加载中...', '22', '22', '1000', '', '0', '0', '2020-04-01 21:04:17', '0', '2020-04-01 21:04:17', null);
INSERT INTO `tb_newbee_mall_goods_info` VALUES ('10887', 'AFP 超声波毛绒狗狗玩具-沉默寡言的松鼠（3260）', '优质商品', '124', '/goods-img/shoppicpath11540896276_y.jpg', '/goods-img/shoppicpath11540896276_y.jpg', '商品介绍加载中...', '47', '47', '1000', '', '0', '0', '2020-04-01 21:04:17', '0', '2020-04-01 21:04:17', null);
INSERT INTO `tb_newbee_mall_goods_info` VALUES ('10888', '酷极Kyjen 发声刺猬毛绒狗玩具', '优质商品', '124', '/goods-img/shoppicpath11540896306_y.jpg', '/goods-img/shoppicpath11540896306_y.jpg', '商品介绍加载中...', '29', '29', '1000', '', '0', '0', '2020-04-01 21:04:17', '0', '2020-04-01 21:04:17', null);
INSERT INTO `tb_newbee_mall_goods_info` VALUES ('10889', '酷极Kyjen 捉迷藏的小松鼠发声毛绒狗狗玩具', '优质商品', '124', '/goods-img/shoppicpath11540896358_y.jpg', '/goods-img/shoppicpath11540896358_y.jpg', '商品介绍加载中...', '69', '69', '1000', '', '0', '0', '2020-04-01 21:04:17', '0', '2020-04-01 21:04:17', null);
INSERT INTO `tb_newbee_mall_goods_info` VALUES ('10890', '贵为GiGwi 青蛙甜甜圈系列发声玩具 狗狗玩具 中小型犬用', '优质商品', '124', '/goods-img/shoppicpath11569822166_y.jpg', '/goods-img/shoppicpath11569822166_y.jpg', '商品介绍加载中...', '40', '40', '1000', '', '0', '0', '2020-04-01 21:04:17', '0', '2020-04-01 21:04:17', null);
INSERT INTO `tb_newbee_mall_goods_info` VALUES ('10891', '贵为GiGwi 长尾松鼠甜甜圈 狗狗玩具', '优质商品', '124', '/goods-img/shoppicpath11540896412_y.jpg', '/goods-img/shoppicpath11540896412_y.jpg', '商品介绍加载中...', '40', '40', '1000', '', '0', '0', '2020-04-01 21:04:17', '0', '2020-04-01 21:04:17', null);
INSERT INTO `tb_newbee_mall_goods_info` VALUES ('10892', '酷极Kyjen 飞盘神龟发声毛绒狗狗玩具', '优质商品', '124', '/goods-img/shoppicpath11561034775_y.jpg', '/goods-img/shoppicpath11561034775_y.jpg', '商品介绍加载中...', '139', '139', '1000', '', '0', '0', '2020-04-01 21:04:17', '0', '2020-04-01 21:04:17', null);
INSERT INTO `tb_newbee_mall_goods_info` VALUES ('10893', '伊丽Elite 长脖子加管叫中小型犬玩具', '优质商品', '124', '/goods-img/shoppicpath11501127506_y.jpg', '/goods-img/shoppicpath11501127506_y.jpg', '商品介绍加载中...', '29', '29', '1000', '优质商品', '0', '0', '2020-04-01 21:04:17', '0', '2020-04-01 21:04:17', null);
INSERT INTO `tb_newbee_mall_goods_info` VALUES ('10894', '宜特 卡通毛绒洁齿狗狗玩具', '优质商品', '124', '/goods-img/shoppicpath11556438130_y.jpg', '/goods-img/shoppicpath11556438130_y.jpg', '商品介绍加载中...', '35', '35', '996', '优质商品', '0', '0', '2020-04-01 21:04:17', '0', '2020-04-01 21:04:17', null);
INSERT INTO `tb_newbee_mall_goods_info` VALUES ('10895', '日本爱蓓诗 发声玩具毛绒抱枕 中小型犬猫用', '优质商品', '124', '/goods-img/shoppicpath11540541162_y.jpg', '/goods-img/shoppicpath11540541162_y.jpg', '商品介绍加载中...', '60', '60', '996', '优质商品', '0', '0', '2020-04-01 21:04:17', '0', '2020-04-01 21:04:17', null);

-- ----------------------------
-- Table structure for `tb_newbee_mall_index_config`
-- ----------------------------
DROP TABLE IF EXISTS `tb_newbee_mall_index_config`;
CREATE TABLE `tb_newbee_mall_index_config` (
  `config_id` bigint(20) NOT NULL AUTO_INCREMENT COMMENT '首页配置项主键id',
  `config_name` varchar(50) NOT NULL DEFAULT '' COMMENT '显示字符(配置搜索时不可为空，其他可为空)',
  `config_type` tinyint(4) NOT NULL DEFAULT '0' COMMENT '1-搜索框热搜 2-搜索下拉框热搜 3-(首页)热销商品 4-(首页)新品上线 5-(首页)为你推荐',
  `goods_id` bigint(20) NOT NULL DEFAULT '0' COMMENT '商品id 默认为0',
  `redirect_url` varchar(100) NOT NULL DEFAULT '##' COMMENT '点击后的跳转地址(默认不跳转)',
  `config_rank` int(11) NOT NULL DEFAULT '0' COMMENT '排序值(字段越大越靠前)',
  `is_deleted` tinyint(4) NOT NULL DEFAULT '0' COMMENT '删除标识字段(0-未删除 1-已删除)',
  `create_time` datetime NOT NULL DEFAULT CURRENT_TIMESTAMP COMMENT '创建时间',
  `create_user` int(11) NOT NULL DEFAULT '0' COMMENT '创建者id',
  `update_time` datetime NOT NULL DEFAULT CURRENT_TIMESTAMP COMMENT '最新修改时间',
  `update_user` int(11) DEFAULT '0' COMMENT '修改者id',
  PRIMARY KEY (`config_id`) USING BTREE
) ENGINE=InnoDB AUTO_INCREMENT=25 DEFAULT CHARSET=utf8 ROW_FORMAT=DYNAMIC;

-- ----------------------------
-- Records of tb_newbee_mall_index_config
-- ----------------------------
INSERT INTO `tb_newbee_mall_index_config` VALUES ('1', '热销商品 iPhone XR', '3', '10284', '##', '10', '1', '2019-09-18 17:04:56', '0', '2020-04-01 23:05:57', '0');
INSERT INTO `tb_newbee_mall_index_config` VALUES ('2', '竹炭去味干爽尿片', '3', '10779', '##', '100', '0', '2019-09-18 17:05:27', '0', '2019-09-18 17:05:27', '0');
INSERT INTO `tb_newbee_mall_index_config` VALUES ('3', '奶牛变装狗衣服动物变身双脚装', '3', '10700', '##', '300', '0', '2019-09-18 17:08:02', '0', '2019-09-18 17:08:02', '0');
INSERT INTO `tb_newbee_mall_index_config` VALUES ('4', '螯合微量元素片', '3', '10159', '##', '101', '0', '2019-09-18 17:08:56', '0', '2019-09-18 17:08:56', '0');
INSERT INTO `tb_newbee_mall_index_config` VALUES ('5', '优质塑料猫狗粮量杯', '4', '10320', '##', '100', '0', '2019-09-18 17:10:36', '0', '2019-09-18 17:10:36', '0');
INSERT INTO `tb_newbee_mall_index_config` VALUES ('6', '新品上线 荣耀 9X Pro', '4', '10755', '##', '100', '1', '2019-09-18 17:11:05', '0', '2020-04-01 23:06:20', '0');
INSERT INTO `tb_newbee_mall_index_config` VALUES ('7', '超白玻璃鱼缸乌龟缸草缸金鱼缸', '4', '10283', '##', '102', '0', '2019-09-18 17:11:44', '0', '2019-09-18 17:11:44', '0');
INSERT INTO `tb_newbee_mall_index_config` VALUES ('8', '高纤提摩西草干草牧草兔子龙猫豚鼠', '4', '10269', '##', '101', '0', '2019-09-18 17:11:58', '0', '2019-09-18 17:11:58', '0');
INSERT INTO `tb_newbee_mall_index_config` VALUES ('9', '新品上线 华为无线耳机', '4', '10186', '##', '100', '1', '2019-09-18 17:12:29', '0', '2020-04-01 23:06:20', '0');
INSERT INTO `tb_newbee_mall_index_config` VALUES ('10', '犬猫DHA配方羊奶粉', '5', '10233', '##', '98', '0', '2019-09-18 17:47:23', '0', '2019-09-18 17:47:23', '0');
INSERT INTO `tb_newbee_mall_index_config` VALUES ('11', '犬心保 犬用体内驱虫', '5', '10237', '##', '100', '0', '2019-09-18 17:47:44', '0', '2019-09-18 17:47:44', '0');
INSERT INTO `tb_newbee_mall_index_config` VALUES ('12', '宠物犬猫通用神仙水', '5', '10195', '##', '102', '0', '2019-09-18 17:48:00', '0', '2019-09-18 17:48:00', '0');
INSERT INTO `tb_newbee_mall_index_config` VALUES ('13', '犬猫用风味片', '5', '10180', '##', '101', '0', '2019-09-18 17:49:11', '0', '2019-09-18 17:49:11', '0');
INSERT INTO `tb_newbee_mall_index_config` VALUES ('14', '猫狗通用营养膏', '5', '10160', '##', '100', '0', '2019-09-18 17:49:28', '0', '2019-09-18 17:49:28', '0');
INSERT INTO `tb_newbee_mall_index_config` VALUES ('15', '巴西淘淘 力派系列均衡幼猫粮', '5', '10254', '##', '100', '0', '2019-09-18 17:50:18', '0', '2019-09-18 17:50:18', '0');
INSERT INTO `tb_newbee_mall_index_config` VALUES ('16', '犬猫DHA配方羊奶粉', '5', '10158', '##', '99', '0', '2019-09-18 17:52:03', '0', '2019-09-18 17:52:03', '0');
INSERT INTO `tb_newbee_mall_index_config` VALUES ('17', '谷登 金装优加犬用营养膏 120g', '5', '10154', '##', '100', '0', '2019-09-18 17:52:19', '0', '2019-09-18 17:52:19', '0');
INSERT INTO `tb_newbee_mall_index_config` VALUES ('18', '犬猫用羊奶粉', '5', '10147', '##', '101', '0', '2019-09-18 17:52:50', '0', '2019-09-18 17:52:50', '0');
INSERT INTO `tb_newbee_mall_index_config` VALUES ('19', '卫仕 犬用乳钙片', '5', '10113', '##', '100', '0', '2019-09-18 17:54:07', '0', '2019-09-18 17:54:07', '0');
INSERT INTO `tb_newbee_mall_index_config` VALUES ('20', '11', '5', '1', '##', '0', '1', '2019-09-19 08:31:11', '0', '2019-09-19 08:31:20', '0');
INSERT INTO `tb_newbee_mall_index_config` VALUES ('21', '塑柄圆头钢丝刷美毛按摩梳', '3', '10742', '##', '200', '0', '2019-09-19 23:23:38', '0', '2019-09-19 23:23:38', '0');
INSERT INTO `tb_newbee_mall_index_config` VALUES ('22', '长脖子加管叫中小型犬玩具', '4', '10893', '##', '200', '0', '2019-09-19 23:26:05', '0', '2019-09-19 23:26:05', '0');
INSERT INTO `tb_newbee_mall_index_config` VALUES ('23', '发声玩具毛绒抱枕中小型犬猫用', '4', '10895', '##', '199', '0', '2019-09-19 23:26:32', '0', '2019-09-19 23:26:32', '0');
INSERT INTO `tb_newbee_mall_index_config` VALUES ('24', '宜特 卡通毛绒洁齿狗狗玩具', '5', '10894', '##', '101', '0', '2019-09-19 23:27:00', '0', '2019-09-19 23:27:00', '0');

-- ----------------------------
-- Table structure for `tb_newbee_mall_order`
-- ----------------------------
DROP TABLE IF EXISTS `tb_newbee_mall_order`;
CREATE TABLE `tb_newbee_mall_order` (
  `order_id` bigint(20) NOT NULL AUTO_INCREMENT COMMENT '订单表主键id',
  `order_no` varchar(20) NOT NULL DEFAULT '' COMMENT '订单号',
  `user_id` bigint(20) NOT NULL DEFAULT '0' COMMENT '用户主键id',
  `total_price` int(11) NOT NULL DEFAULT '1' COMMENT '订单总价',
  `pay_status` tinyint(4) NOT NULL DEFAULT '0' COMMENT '支付状态:0.未支付,1.支付成功,-1:支付失败',
  `pay_type` tinyint(4) NOT NULL DEFAULT '0' COMMENT '0.无 1.支付宝支付 2.微信支付',
  `pay_time` datetime DEFAULT NULL COMMENT '支付时间',
  `order_status` tinyint(4) NOT NULL DEFAULT '0' COMMENT '订单状态:0.待支付 1.已支付 2.配货完成 3:出库成功 4.交易成功 -1.手动关闭 -2.超时关闭 -3.商家关闭',
  `extra_info` varchar(100) NOT NULL DEFAULT '' COMMENT '订单body',
  `user_name` varchar(30) NOT NULL DEFAULT '' COMMENT '收货人姓名',
  `user_phone` varchar(11) NOT NULL DEFAULT '' COMMENT '收货人手机号',
  `user_address` varchar(100) NOT NULL DEFAULT '' COMMENT '收货人收货地址',
  `is_deleted` tinyint(4) NOT NULL DEFAULT '0' COMMENT '删除标识字段(0-未删除 1-已删除)',
  `create_time` datetime NOT NULL DEFAULT CURRENT_TIMESTAMP COMMENT '创建时间',
  `update_time` datetime NOT NULL DEFAULT CURRENT_TIMESTAMP COMMENT '最新修改时间',
  PRIMARY KEY (`order_id`) USING BTREE
) ENGINE=InnoDB AUTO_INCREMENT=22 DEFAULT CHARSET=utf8 ROW_FORMAT=DYNAMIC;

-- ----------------------------
-- Records of tb_newbee_mall_order
-- ----------------------------
INSERT INTO `tb_newbee_mall_order` VALUES ('1', '15688187285093508', '1', '2492', '1', '2', '2019-09-18 23:00:18', '-1', '', '', '', 'xafsdufhpwe', '0', '2019-09-18 22:53:07', '2019-09-18 22:55:32');
INSERT INTO `tb_newbee_mall_order` VALUES ('2', '15688188616936181', '1', '135', '1', '1', '2019-09-18 23:01:06', '1', '', '', '', 'xafsdufhpwe', '0', '2019-09-18 22:55:20', '2019-09-18 23:01:06');
INSERT INTO `tb_newbee_mall_order` VALUES ('3', '15689089426956979', '1', '15487', '1', '1', '2019-09-20 00:16:03', '3', '', '', '', '杭州市西湖区xx小区x幢419 十三 137xxxx2703', '0', '2019-09-19 23:56:40', '2019-09-20 00:10:39');
INSERT INTO `tb_newbee_mall_order` VALUES ('4', '15689090398492576', '1', '8499', '0', '0', null, '0', '', '', '', '杭州市西湖区xx小区x幢419 十三 137xxxx2703', '0', '2019-09-19 23:58:18', '2019-09-19 23:58:18');
INSERT INTO `tb_newbee_mall_order` VALUES ('5', '15689096266448452', '1', '115', '1', '2', '2019-09-20 00:13:52', '1', '', '', '', '杭州市西湖区xx小区x幢419 十三 137xxxx2703', '0', '2019-09-20 00:08:04', '2019-09-20 00:13:52');
INSERT INTO `tb_newbee_mall_order` VALUES ('6', '15691645776131562', '7', '7998', '1', '1', '2019-09-22 23:05:53', '1', '', '', '', '杭州市西湖区xx小区x幢419 十三 137xxxx2703', '0', '2019-09-22 22:57:15', '2019-09-22 23:05:53');
INSERT INTO `tb_newbee_mall_order` VALUES ('7', '15691648465397435', '7', '13998', '1', '2', '2019-09-22 23:07:38', '-1', '', '', '', '杭州市西湖区xx小区x幢419 十三 137xxxx2703', '0', '2019-09-22 23:01:44', '2019-09-22 23:02:10');
INSERT INTO `tb_newbee_mall_order` VALUES ('8', '15691649071896878', '7', '1246', '1', '1', '2019-09-22 23:08:31', '1', '', '', '', '杭州市西湖区xx小区x幢419 十三 137xxxx2703', '0', '2019-09-22 23:02:45', '2019-09-22 23:08:31');
INSERT INTO `tb_newbee_mall_order` VALUES ('9', '15691649748362177', '7', '25656', '1', '1', '2019-09-22 23:09:39', '4', '', '', '', '杭州市西湖区xx小区x幢419 十三 137xxxx2703', '0', '2019-09-22 23:03:52', '2019-09-22 23:50:45');
INSERT INTO `tb_newbee_mall_order` VALUES ('10', '15691652286194502', '7', '16197', '0', '0', null, '0', '', '', '', '杭州市西湖区xx小区x幢419 十三 137xxxx2703', '0', '2019-09-22 23:08:06', '2019-09-22 23:08:06');
INSERT INTO `tb_newbee_mall_order` VALUES ('11', '15692210075967186', '6', '5999', '1', '2', '2019-09-23 17:03:05', '1', '', '', '', '杭州市西湖区xx小区x幢419 十三 137xxxx2703', '0', '2019-09-23 14:43:27', '2019-09-23 17:03:05');
INSERT INTO `tb_newbee_mall_order` VALUES ('12', '15692218454123239', '6', '7245', '0', '0', null, '0', '', '', '', '杭州市西湖区xx小区x幢419 十三 137xxxx2703', '0', '2019-09-23 14:57:25', '2019-09-23 14:57:25');
INSERT INTO `tb_newbee_mall_order` VALUES ('13', '15692225252983527', '6', '5488', '1', '2', '2019-09-23 15:38:54', '1', '', '', '', '杭州市西湖区xx小区x幢419 十三 137xxxx2703', '0', '2019-09-23 15:08:45', '2019-09-23 15:38:54');
INSERT INTO `tb_newbee_mall_order` VALUES ('14', '15692291639125640', '6', '9046', '1', '2', '2019-09-23 16:59:32', '-1', '', '', '', '杭州市西湖区xx小区x幢419 十三 137xxxx2709', '0', '2019-09-23 16:59:23', '2019-09-23 16:59:40');
INSERT INTO `tb_newbee_mall_order` VALUES ('15', '15692295348262843', '6', '65', '1', '2', '2019-09-23 17:06:17', '1', '', '', '', '杭州市西湖区xx小区x幢419 十三 137xxxx2709', '0', '2019-09-23 17:05:34', '2019-09-23 17:06:17');
INSERT INTO `tb_newbee_mall_order` VALUES ('16', '15692298037679052', '6', '15233', '1', '2', '2019-09-23 17:10:08', '1', '', '', '', '上海浦东新区XX路XX号 999 137xxxx7797', '0', '2019-09-23 17:10:03', '2019-09-23 17:10:08');
INSERT INTO `tb_newbee_mall_order` VALUES ('17', '15694781962831307', '7', '1246', '1', '2', '2019-09-26 14:10:12', '-1', '', '', '', '杭州市西湖区xx小区x幢419 十三 137xxxx2703', '0', '2019-09-26 14:09:56', '2019-09-26 14:10:22');
INSERT INTO `tb_newbee_mall_order` VALUES ('18', '15698039249771093', '7', '3199', '0', '0', null, '0', '', '', '', '杭州市西湖区xx小区x幢419 十三 137xxxx2703', '0', '2019-09-30 08:38:26', '2019-09-30 08:38:26');
INSERT INTO `tb_newbee_mall_order` VALUES ('19', '15702783557537865', '7', '6819', '0', '0', null, '0', '', '', '', '杭州市西湖区xx小区x幢419 十三 137xxxx2703', '0', '2019-10-05 20:20:10', '2019-10-05 20:20:10');
INSERT INTO `tb_newbee_mall_order` VALUES ('20', '15702847670935185', '6', '3999', '1', '2', '2019-10-05 22:13:03', '1', '', '', '', '上海浦东新区XX路XX号 999 137xxxx7797', '0', '2019-10-05 22:12:47', '2019-10-05 22:13:03');
INSERT INTO `tb_newbee_mall_order` VALUES ('21', '15857581769561986', '1', '478', '1', '1', '2020-04-02 00:23:07', '1', '', '', '', '杭州市西湖区xx小区x幢419 十三 137xxxx2703', '0', '2020-04-02 00:22:56', '2020-04-02 00:23:07');

-- ----------------------------
-- Table structure for `tb_newbee_mall_order_item`
-- ----------------------------
DROP TABLE IF EXISTS `tb_newbee_mall_order_item`;
CREATE TABLE `tb_newbee_mall_order_item` (
  `order_item_id` bigint(20) NOT NULL AUTO_INCREMENT COMMENT '订单关联购物项主键id',
  `order_id` bigint(20) NOT NULL DEFAULT '0' COMMENT '订单主键id',
  `goods_id` bigint(20) NOT NULL DEFAULT '0' COMMENT '关联商品id',
  `goods_name` varchar(200) NOT NULL DEFAULT '' COMMENT '下单时商品的名称(订单快照)',
  `goods_cover_img` varchar(200) NOT NULL DEFAULT '' COMMENT '下单时商品的主图(订单快照)',
  `selling_price` int(11) NOT NULL DEFAULT '1' COMMENT '下单时商品的价格(订单快照)',
  `goods_count` int(11) NOT NULL DEFAULT '1' COMMENT '数量(订单快照)',
  `create_time` datetime NOT NULL DEFAULT CURRENT_TIMESTAMP COMMENT '创建时间',
  PRIMARY KEY (`order_item_id`) USING BTREE
) ENGINE=InnoDB AUTO_INCREMENT=37 DEFAULT CHARSET=utf8 ROW_FORMAT=DYNAMIC;

-- ----------------------------
-- Records of tb_newbee_mall_order_item
-- ----------------------------
INSERT INTO `tb_newbee_mall_order_item` VALUES ('1', '1', '10180', 'Apple AirPods 配充电盒', '/goods-img/64768a8d-0664-4b29-88c9-2626578ffbd1.jpg', '1246', '2', '2019-09-18 22:53:07');
INSERT INTO `tb_newbee_mall_order_item` VALUES ('2', '2', '10147', 'MUJI 羽毛 靠垫', '/goods-img/0f701215-b782-40c7-8bbd-97b51be56461.jpg', '65', '1', '2019-09-18 22:55:20');
INSERT INTO `tb_newbee_mall_order_item` VALUES ('3', '2', '10158', '无印良品 女式粗棉线条纹长袖T恤', 'http://localhost:28089/goods-img/5488564b-8335-4b0c-a5a4-52f3f03ee728.jpg', '70', '1', '2019-09-18 22:55:20');
INSERT INTO `tb_newbee_mall_order_item` VALUES ('4', '3', '10742', '华为 HUAWEI P30 Pro', '/goods-img/dda1d575-cdac-4eb4-a118-3834490166f7.jpg', '5488', '1', '2019-09-19 23:56:40');
INSERT INTO `tb_newbee_mall_order_item` VALUES ('5', '3', '10320', 'Apple iPhone 11 Pro', '/goods-img/0025ad55-e260-4a00-be79-fa5b8c5ac0de.jpg', '9999', '1', '2019-09-19 23:56:40');
INSERT INTO `tb_newbee_mall_order_item` VALUES ('6', '4', '10254', 'Apple 2019款 MacBook Air 13.3', '/goods-img/7810bc9d-236f-4386-a0ef-45a831b49bf2.jpg', '8499', '1', '2019-09-19 23:58:18');
INSERT INTO `tb_newbee_mall_order_item` VALUES ('7', '5', '10104', '无印良品 MUJI 修正带', '/goods-img/98ce17e1-890e-4eaf-856a-7fce8ffebc4c.jpg', '15', '1', '2019-09-20 00:08:04');
INSERT INTO `tb_newbee_mall_order_item` VALUES ('8', '5', '10110', '无印良品 MUJI 基础润肤乳霜', '/goods-img/30036561-a150-4ea7-9106-29bbea278909.jpg', '100', '1', '2019-09-20 00:08:04');
INSERT INTO `tb_newbee_mall_order_item` VALUES ('9', '6', '10895', 'HUAWEI Mate 30 4000万超感光徕卡影像', '/goods-img/mate30-3.png', '3999', '2', '2019-09-22 22:57:15');
INSERT INTO `tb_newbee_mall_order_item` VALUES ('10', '7', '10895', 'HUAWEI Mate 30 4000万超感光徕卡影像', '/goods-img/mate30-3.png', '3999', '1', '2019-09-22 23:01:44');
INSERT INTO `tb_newbee_mall_order_item` VALUES ('11', '7', '10320', 'Apple iPhone 11 Pro', '/goods-img/0025ad55-e260-4a00-be79-fa5b8c5ac0de.jpg', '9999', '1', '2019-09-22 23:01:44');
INSERT INTO `tb_newbee_mall_order_item` VALUES ('12', '8', '10180', 'Apple AirPods 配充电盒', '/goods-img/64768a8d-0664-4b29-88c9-2626578ffbd1.jpg', '1246', '1', '2019-09-22 23:02:45');
INSERT INTO `tb_newbee_mall_order_item` VALUES ('13', '9', '10237', 'MAC 雾面丝绒哑光子弹头口红', 'http://localhost:28089/goods-img/1930d79b-88bd-4c5c-8510-0697c9ad2578.jpg', '165', '4', '2019-09-22 23:03:52');
INSERT INTO `tb_newbee_mall_order_item` VALUES ('14', '9', '10254', 'Apple 2019款 MacBook Air 13.3', '/goods-img/7810bc9d-236f-4386-a0ef-45a831b49bf2.jpg', '8499', '2', '2019-09-22 23:03:52');
INSERT INTO `tb_newbee_mall_order_item` VALUES ('15', '9', '10195', '索尼 WH-1000XM3 头戴式耳机', 'http://localhost:28089/goods-img/0dc503b2-90a2-4971-9723-c085a1844b76.jpg', '2599', '1', '2019-09-22 23:03:52');
INSERT INTO `tb_newbee_mall_order_item` VALUES ('16', '9', '10894', 'HUAWEI Mate 30 Pro', '/goods-img/mate30p3.png', '5399', '1', '2019-09-22 23:03:52');
INSERT INTO `tb_newbee_mall_order_item` VALUES ('17', '10', '10894', 'HUAWEI Mate 30 Pro', '/goods-img/mate30p3.png', '5399', '3', '2019-09-22 23:08:06');
INSERT INTO `tb_newbee_mall_order_item` VALUES ('18', '11', '10279', 'Apple iPhone 11 (A2223)', '/goods-img/a0d09f94-9c46-4ee1-aaef-dfd132e7543e.jpg', '5999', '1', '2019-09-23 14:43:27');
INSERT INTO `tb_newbee_mall_order_item` VALUES ('19', '12', '10279', 'Apple iPhone 11 (A2223)', '/goods-img/a0d09f94-9c46-4ee1-aaef-dfd132e7543e.jpg', '5999', '1', '2019-09-23 14:57:26');
INSERT INTO `tb_newbee_mall_order_item` VALUES ('20', '12', '10159', 'Apple AirPods 配充电盒', '/goods-img/53c9f268-7cd4-4fac-909c-2dc066625655.jpg', '1246', '1', '2019-09-23 14:57:26');
INSERT INTO `tb_newbee_mall_order_item` VALUES ('21', '13', '10742', '华为 HUAWEI P30 Pro', '/goods-img/dda1d575-cdac-4eb4-a118-3834490166f7.jpg', '5488', '1', '2019-09-23 15:08:46');
INSERT INTO `tb_newbee_mall_order_item` VALUES ('22', '14', '10158', '无印良品 女式粗棉线条纹长袖T恤', '/goods-img/5488564b-8335-4b0c-a5a4-52f3f03ee728.jpg', '70', '1', '2019-09-23 16:59:24');
INSERT INTO `tb_newbee_mall_order_item` VALUES ('23', '14', '10704', '华为 HUAWEI P30 超感光徕卡三摄麒麟980AI...', '/goods-img/b9e6d770-06dd-40f4-9ae5-31103cec6e5f.jpg', '3988', '1', '2019-09-23 16:59:24');
INSERT INTO `tb_newbee_mall_order_item` VALUES ('24', '14', '10739', '华为 HUAWEI P30 Pro', '/goods-img/65c8e729-aeca-4780-977b-4d0d39d4aa2e.jpg', '4988', '1', '2019-09-23 16:59:24');
INSERT INTO `tb_newbee_mall_order_item` VALUES ('25', '15', '10147', 'MUJI 羽毛 靠垫', '/goods-img/0f701215-b782-40c7-8bbd-97b51be56461.jpg', '65', '1', '2019-09-23 17:05:34');
INSERT INTO `tb_newbee_mall_order_item` VALUES ('26', '16', '10742', '华为 HUAWEI P30 Pro', '/goods-img/dda1d575-cdac-4eb4-a118-3834490166f7.jpg', '5488', '1', '2019-09-23 17:10:03');
INSERT INTO `tb_newbee_mall_order_item` VALUES ('27', '16', '10159', 'Apple AirPods 配充电盒', '/goods-img/53c9f268-7cd4-4fac-909c-2dc066625655.jpg', '1246', '1', '2019-09-23 17:10:03');
INSERT INTO `tb_newbee_mall_order_item` VALUES ('28', '16', '10254', 'Apple 2019款 MacBook Air 13.3', '/goods-img/7810bc9d-236f-4386-a0ef-45a831b49bf2.jpg', '8499', '1', '2019-09-23 17:10:03');
INSERT INTO `tb_newbee_mall_order_item` VALUES ('29', '17', '10180', 'Apple AirPods 配充电盒', '/goods-img/64768a8d-0664-4b29-88c9-2626578ffbd1.jpg', '1246', '1', '2019-09-26 14:09:56');
INSERT INTO `tb_newbee_mall_order_item` VALUES ('30', '18', '10779', '华为 HUAWEI Mate 20', '/goods-img/08f9a912-f049-4cf8-a839-115fc6582398.jpg', '3199', '1', '2019-09-30 08:38:26');
INSERT INTO `tb_newbee_mall_order_item` VALUES ('31', '19', '10742', '华为 HUAWEI P30 Pro', '/goods-img/dda1d575-cdac-4eb4-a118-3834490166f7.jpg', '5488', '1', '2019-10-05 20:20:10');
INSERT INTO `tb_newbee_mall_order_item` VALUES ('32', '19', '10154', '无印良品 MUJI 塑料浴室座椅', '/goods-img/15395057-94e9-4545-a8ee-8aee025f40c5.jpg', '85', '1', '2019-10-05 20:20:10');
INSERT INTO `tb_newbee_mall_order_item` VALUES ('33', '19', '10159', 'Apple AirPods 配充电盒', '/goods-img/53c9f268-7cd4-4fac-909c-2dc066625655.jpg', '1246', '1', '2019-10-05 20:20:10');
INSERT INTO `tb_newbee_mall_order_item` VALUES ('34', '20', '10895', 'HUAWEI Mate 30 4000万超感光徕卡影像', '/goods-img/mate30-3.png', '3999', '1', '2019-10-05 22:12:47');
INSERT INTO `tb_newbee_mall_order_item` VALUES ('35', '21', '10700', '伊丽 奶牛变装狗衣服动物变身双脚装 时尚出街 俏皮可爱', '/goods-img/shoppicpath11571380571_y.jpg', '38', '1', '2020-04-02 00:22:56');
INSERT INTO `tb_newbee_mall_order_item` VALUES ('36', '21', '10241', '金丽高SolidGold 无谷物抗敏配方全猫粮 12磅/...', '/goods-img/shoppicpath11570697808_y.jpg', '440', '1', '2020-04-02 00:22:56');

-- ----------------------------
-- Table structure for `tb_newbee_mall_shopping_cart_item`
-- ----------------------------
DROP TABLE IF EXISTS `tb_newbee_mall_shopping_cart_item`;
CREATE TABLE `tb_newbee_mall_shopping_cart_item` (
  `cart_item_id` bigint(20) NOT NULL AUTO_INCREMENT COMMENT '购物项主键id',
  `user_id` bigint(20) NOT NULL COMMENT '用户主键id',
  `goods_id` bigint(20) NOT NULL DEFAULT '0' COMMENT '关联商品id',
  `goods_count` int(11) NOT NULL DEFAULT '1' COMMENT '数量(最大为5)',
  `is_deleted` tinyint(4) NOT NULL DEFAULT '0' COMMENT '删除标识字段(0-未删除 1-已删除)',
  `create_time` datetime NOT NULL DEFAULT CURRENT_TIMESTAMP COMMENT '创建时间',
  `update_time` datetime NOT NULL DEFAULT CURRENT_TIMESTAMP COMMENT '最新修改时间',
  PRIMARY KEY (`cart_item_id`) USING BTREE
) ENGINE=InnoDB AUTO_INCREMENT=3 DEFAULT CHARSET=utf8 ROW_FORMAT=DYNAMIC;

-- ----------------------------
-- Records of tb_newbee_mall_shopping_cart_item
-- ----------------------------
INSERT INTO `tb_newbee_mall_shopping_cart_item` VALUES ('1', '1', '10700', '1', '1', '2020-03-27 23:53:57', '2020-04-02 00:21:50');
INSERT INTO `tb_newbee_mall_shopping_cart_item` VALUES ('2', '1', '10241', '1', '1', '2020-04-02 00:21:19', '2020-04-02 00:22:32');

-- ----------------------------
-- Table structure for `tb_newbee_mall_user`
-- ----------------------------
DROP TABLE IF EXISTS `tb_newbee_mall_user`;
CREATE TABLE `tb_newbee_mall_user` (
  `user_id` bigint(20) NOT NULL AUTO_INCREMENT COMMENT '用户主键id',
  `nick_name` varchar(50) NOT NULL DEFAULT '' COMMENT '用户昵称',
  `login_name` varchar(11) NOT NULL DEFAULT '' COMMENT '登陆名称(默认为手机号)',
  `password_md5` varchar(32) NOT NULL DEFAULT '' COMMENT 'MD5加密后的密码',
  `introduce_sign` varchar(100) NOT NULL DEFAULT '' COMMENT '个性签名',
  `address` varchar(100) NOT NULL DEFAULT '' COMMENT '收货地址',
  `is_deleted` tinyint(4) NOT NULL DEFAULT '0' COMMENT '注销标识字段(0-正常 1-已注销)',
  `locked_flag` tinyint(4) NOT NULL DEFAULT '0' COMMENT '锁定标识字段(0-未锁定 1-已锁定)',
  `create_time` datetime NOT NULL DEFAULT CURRENT_TIMESTAMP COMMENT '注册时间',
  PRIMARY KEY (`user_id`) USING BTREE
) ENGINE=InnoDB AUTO_INCREMENT=9 DEFAULT CHARSET=utf8 ROW_FORMAT=DYNAMIC;

-- ----------------------------
-- Records of tb_newbee_mall_user
-- ----------------------------
INSERT INTO `tb_newbee_mall_user` VALUES ('1', '十三', '13700002703', 'e10adc3949ba59abbe56e057f20f883e', '我不怕千万人阻挡，只怕自己投降', '杭州市西湖区xx小区x幢419 十三 137xxxx2703', '0', '0', '2019-09-22 08:44:57');
INSERT INTO `tb_newbee_mall_user` VALUES ('6', '测试用户1', '13711113333', 'e10adc3949ba59abbe56e057f20f883e', '测试用户1', '上海浦东新区XX路XX号 999 137xxxx7797', '0', '1', '2019-08-29 10:51:39');
INSERT INTO `tb_newbee_mall_user` VALUES ('7', '测试用户2测试用户2测试用户2测试用户2', '13811113333', 'dda01dc6d334badcd031102be6bee182', '测试用户2', '杭州市西湖区xx小区x幢419 十三 137xxxx2703', '0', '0', '2019-08-29 10:55:08');
INSERT INTO `tb_newbee_mall_user` VALUES ('8', '测试用户3', '13911113333', 'dda01dc6d334badcd031102be6bee182', '测试用户3', '杭州市西湖区xx小区x幢419 十三 137xxxx2703', '0', '0', '2019-08-29 10:55:16');

-- ----------------------------
-- Table structure for `user`
-- ----------------------------
DROP TABLE IF EXISTS `user`;
CREATE TABLE `user` (
  `id` int(11) NOT NULL AUTO_INCREMENT,
  `name` varchar(45) NOT NULL,
  `password` varchar(45) NOT NULL,
  `token` varchar(45) NOT NULL,
  `headpic` varchar(1024) NOT NULL DEFAULT 'https://timgsa.baidu.com/timg?image&quality=80&size=b9999_10000&sec=1574701469761&di=0e1045169debf1aed834fc97ff9b2439&imgtype=0&src=http%3A%2F%2Fbpic.588ku.com%2Felement_origin_min_pic%2F01%2F31%2F87%2F96573b585a7c9c4.jpg',
  PRIMARY KEY (`id`)
) ENGINE=InnoDB AUTO_INCREMENT=7 DEFAULT CHARSET=utf8;

-- ----------------------------
-- Records of user
-- ----------------------------
INSERT INTO `user` VALUES ('1', 'admin', 'admin', '123', 'https://timgsa.baidu.com/timg?image&quality=80&size=b9999_10000&sec=1574701469761&di=0e1045169debf1aed834fc97ff9b2439&imgtype=0&src=http%3A%2F%2Fbpic.588ku.com%2Felement_origin_min_pic%2F01%2F31%2F87%2F96573b585a7c9c4.jpg');
INSERT INTO `user` VALUES ('2', 'admin1', 'admin1', 'af97ebb8-e84e-4007-8594-430d1bd3cdba', 'https://timgsa.baidu.com/timg?image&quality=80&size=b9999_10000&sec=1574701469761&di=0e1045169debf1aed834fc97ff9b2439&imgtype=0&src=http%3A%2F%2Fbpic.588ku.com%2Felement_origin_min_pic%2F01%2F31%2F87%2F96573b585a7c9c4.jpg');
INSERT INTO `user` VALUES ('3', 'admin1', 'admin1', '80e17c83-36dc-4d9f-bb9b-1738a5946ce7', 'https://timgsa.baidu.com/timg?image&quality=80&size=b9999_10000&sec=1574701469761&di=0e1045169debf1aed834fc97ff9b2439&imgtype=0&src=http%3A%2F%2Fbpic.588ku.com%2Felement_origin_min_pic%2F01%2F31%2F87%2F96573b585a7c9c4.jpg');
INSERT INTO `user` VALUES ('4', 'admin2', 'admin2', '0b6d4f64-ba93-4d9c-b83e-32289a51a768', 'https://timgsa.baidu.com/timg?image&quality=80&size=b9999_10000&sec=1574701469761&di=0e1045169debf1aed834fc97ff9b2439&imgtype=0&src=http%3A%2F%2Fbpic.588ku.com%2Felement_origin_min_pic%2F01%2F31%2F87%2F96573b585a7c9c4.jpg');
INSERT INTO `user` VALUES ('5', '222', '3333', '06c539e5-f9d2-4186-b5e6-89492c2568b5', 'https://timgsa.baidu.com/timg?image&quality=80&size=b9999_10000&sec=1574701469761&di=0e1045169debf1aed834fc97ff9b2439&imgtype=0&src=http%3A%2F%2Fbpic.588ku.com%2Felement_origin_min_pic%2F01%2F31%2F87%2F96573b585a7c9c4.jpg');
INSERT INTO `user` VALUES ('6', '111', '111', '3cf57c65-a5b1-424f-83f4-88f1e4269853', 'https://timgsa.baidu.com/timg?image&quality=80&size=b9999_10000&sec=1574701469761&di=0e1045169debf1aed834fc97ff9b2439&imgtype=0&src=http%3A%2F%2Fbpic.588ku.com%2Felement_origin_min_pic%2F01%2F31%2F87%2F96573b585a7c9c4.jpg');
